{"__meta":{"schema_version":3,"schema_name":"GBMModelV3","schema_type":"GBMModel"},"model_id":{"__meta":{"schema_version":3,"schema_name":"ModelKeyV3","schema_type":"Key<Model>"},"name":"GBM_grid__1_AutoML_20210217_124248_model_9","type":"Key<Model>","URL":"/3/Models/GBM_grid__1_AutoML_20210217_124248_model_9"},"algo":"gbm","algo_full_name":"Gradient Boosting Machine","response_column_name":"Q_perc","data_frame":{"__meta":{"schema_version":3,"schema_name":"FrameKeyV3","schema_type":"Key<Frame>"},"name":"automl_training_Key_Frame__upload_8857ef1a3e7496a75c7eeab65eac48d5.hex","type":"Key<Frame>","URL":"/3/Frames/automl_training_Key_Frame__upload_8857ef1a3e7496a75c7eeab65eac48d5.hex"},"timestamp":1613562384131,"have_pojo":true,"have_mojo":true,"algo":"gbm","algo_full_name":"Gradient Boosting Machine","model_id":{"__meta":{"schema_version":3,"schema_name":"ModelKeyV3","schema_type":"Key<Model>"},"name":"GBM_grid__1_AutoML_20210217_124248_model_9","type":"Key<Model>","URL":"/3/Models/GBM_grid__1_AutoML_20210217_124248_model_9"},"parameters":[{"__meta":{"schema_version":3,"schema_name":"ModelParameterSchemaV3","schema_type":"Iced"},"name":"model_id","label":"model_id","help":"Destination id for this model; auto-generated if not specified.","required":false,"type":"Key<Model>","default_value":null,"actual_value":{"__meta":{"schema_version":3,"schema_name":"ModelKeyV3","schema_type":"Key<Model>"},"name":"GBM_grid__1_AutoML_20210217_124248_model_9","type":"Key<Model>","URL":"/3/Models/GBM_grid__1_AutoML_20210217_124248_model_9"},"input_value":null,"level":"critical","values":[],"is_member_of_frames":[],"is_mutually_exclusive_with":[],"gridable":false},{"__meta":{"schema_version":3,"schema_name":"ModelParameterSchemaV3","schema_type":"Iced"},"name":"training_frame","label":"training_frame","help":"Id of the training data frame.","required":false,"type":"Key<Frame>","default_value":null,"actual_value":{"__meta":{"schema_version":3,"schema_name":"FrameKeyV3","schema_type":"Key<Frame>"},"name":"automl_training_Key_Frame__upload_8857ef1a3e7496a75c7eeab65eac48d5.hex","type":"Key<Frame>","URL":"/3/Frames/automl_training_Key_Frame__upload_8857ef1a3e7496a75c7eeab65eac48d5.hex"},"input_value":{"__meta":{"schema_version":3,"schema_name":"FrameKeyV3","schema_type":"Key<Frame>"},"name":"automl_training_Key_Frame__upload_8857ef1a3e7496a75c7eeab65eac48d5.hex","type":"Key<Frame>","URL":"/3/Frames/automl_training_Key_Frame__upload_8857ef1a3e7496a75c7eeab65eac48d5.hex"},"level":"critical","values":[],"is_member_of_frames":[],"is_mutually_exclusive_with":[],"gridable":false},{"__meta":{"schema_version":3,"schema_name":"ModelParameterSchemaV3","schema_type":"Iced"},"name":"validation_frame","label":"validation_frame","help":"Id of the validation data frame.","required":false,"type":"Key<Frame>","default_value":null,"actual_value":null,"input_value":null,"level":"critical","values":[],"is_member_of_frames":[],"is_mutually_exclusive_with":[],"gridable":true},{"__meta":{"schema_version":3,"schema_name":"ModelParameterSchemaV3","schema_type":"Iced"},"name":"nfolds","label":"nfolds","help":"Number of folds for K-fold cross-validation (0 to disable or >= 2).","required":false,"type":"int","default_value":0,"actual_value":5,"input_value":5,"level":"critical","values":[],"is_member_of_frames":[],"is_mutually_exclusive_with":[],"gridable":false},{"__meta":{"schema_version":3,"schema_name":"ModelParameterSchemaV3","schema_type":"Iced"},"name":"keep_cross_validation_models","label":"keep_cross_validation_models","help":"Whether to keep the cross-validation models.","required":false,"type":"boolean","default_value":true,"actual_value":true,"input_value":true,"level":"expert","values":[],"is_member_of_frames":[],"is_mutually_exclusive_with":[],"gridable":false},{"__meta":{"schema_version":3,"schema_name":"ModelParameterSchemaV3","schema_type":"Iced"},"name":"keep_cross_validation_predictions","label":"keep_cross_validation_predictions","help":"Whether to keep the predictions of the cross-validation models.","required":false,"type":"boolean","default_value":false,"actual_value":true,"input_value":true,"level":"expert","values":[],"is_member_of_frames":[],"is_mutually_exclusive_with":[],"gridable":false},{"__meta":{"schema_version":3,"schema_name":"ModelParameterSchemaV3","schema_type":"Iced"},"name":"keep_cross_validation_fold_assignment","label":"keep_cross_validation_fold_assignment","help":"Whether to keep the cross-validation fold assignment.","required":false,"type":"boolean","default_value":false,"actual_value":true,"input_value":true,"level":"expert","values":[],"is_member_of_frames":[],"is_mutually_exclusive_with":[],"gridable":false},{"__meta":{"schema_version":3,"schema_name":"ModelParameterSchemaV3","schema_type":"Iced"},"name":"score_each_iteration","label":"score_each_iteration","help":"Whether to score during each iteration of model training.","required":false,"type":"boolean","default_value":false,"actual_value":false,"input_value":false,"level":"secondary","values":[],"is_member_of_frames":[],"is_mutually_exclusive_with":[],"gridable":false},{"__meta":{"schema_version":3,"schema_name":"ModelParameterSchemaV3","schema_type":"Iced"},"name":"score_tree_interval","label":"score_tree_interval","help":"Score the model after every so many trees. Disabled if set to 0.","required":false,"type":"int","default_value":0,"actual_value":5,"input_value":5,"level":"secondary","values":[],"is_member_of_frames":[],"is_mutually_exclusive_with":[],"gridable":false},{"__meta":{"schema_version":3,"schema_name":"ModelParameterSchemaV3","schema_type":"Iced"},"name":"fold_assignment","label":"fold_assignment","help":"Cross-validation fold assignment scheme, if fold_column is not specified. The 'Stratified' option will stratify the folds based on the response variable, for classification problems.","required":false,"type":"enum","default_value":"AUTO","actual_value":"Modulo","input_value":"Modulo","level":"secondary","values":["AUTO","Random","Modulo","Stratified"],"is_member_of_frames":[],"is_mutually_exclusive_with":[],"gridable":true},{"__meta":{"schema_version":3,"schema_name":"ModelParameterSchemaV3","schema_type":"Iced"},"name":"fold_column","label":"fold_column","help":"Column with cross-validation fold index assignment per observation.","required":false,"type":"VecSpecifier","default_value":null,"actual_value":null,"input_value":null,"level":"secondary","values":[],"is_member_of_frames":["training_frame"],"is_mutually_exclusive_with":["response_column","weights_column","ignored_columns","offset_column"],"gridable":true},{"__meta":{"schema_version":3,"schema_name":"ModelParameterSchemaV3","schema_type":"Iced"},"name":"response_column","label":"response_column","help":"Response variable column.","required":false,"type":"VecSpecifier","default_value":null,"actual_value":{"__meta":{"schema_version":3,"schema_name":"ColSpecifierV3","schema_type":"VecSpecifier"},"column_name":"Q_perc","is_member_of_frames":null},"input_value":{"__meta":{"schema_version":3,"schema_name":"ColSpecifierV3","schema_type":"VecSpecifier"},"column_name":"Q_perc","is_member_of_frames":null},"level":"critical","values":[],"is_member_of_frames":["training_frame","validation_frame"],"is_mutually_exclusive_with":["weights_column","ignored_columns","offset_column","fold_column"],"gridable":true},{"__meta":{"schema_version":3,"schema_name":"ModelParameterSchemaV3","schema_type":"Iced"},"name":"ignored_columns","label":"ignored_columns","help":"Names of columns to ignore for training.","required":false,"type":"string[]","default_value":null,"actual_value":null,"input_value":null,"level":"critical","values":[],"is_member_of_frames":["training_frame","validation_frame"],"is_mutually_exclusive_with":["response_column","weights_column","offset_column","fold_column"],"gridable":false},{"__meta":{"schema_version":3,"schema_name":"ModelParameterSchemaV3","schema_type":"Iced"},"name":"ignore_const_cols","label":"ignore_const_cols","help":"Ignore constant columns.","required":false,"type":"boolean","default_value":true,"actual_value":true,"input_value":true,"level":"critical","values":[],"is_member_of_frames":[],"is_mutually_exclusive_with":[],"gridable":false},{"__meta":{"schema_version":3,"schema_name":"ModelParameterSchemaV3","schema_type":"Iced"},"name":"offset_column","label":"offset_column","help":"Offset column. This will be added to the combination of columns before applying the link function.","required":false,"type":"VecSpecifier","default_value":null,"actual_value":null,"input_value":null,"level":"secondary","values":[],"is_member_of_frames":["training_frame","validation_frame"],"is_mutually_exclusive_with":["response_column","weights_column","ignored_columns","fold_column"],"gridable":true},{"__meta":{"schema_version":3,"schema_name":"ModelParameterSchemaV3","schema_type":"Iced"},"name":"weights_column","label":"weights_column","help":"Column with observation weights. Giving some observation a weight of zero is equivalent to excluding it from the dataset; giving an observation a relative weight of 2 is equivalent to repeating that row twice. Negative weights are not allowed. Note: Weights are per-row observation weights and do not increase the size of the data frame. This is typically the number of times a row is repeated, but non-integer values are supported as well. During training, rows with higher weights matter more, due to the larger loss function pre-factor.","required":false,"type":"VecSpecifier","default_value":null,"actual_value":null,"input_value":null,"level":"secondary","values":[],"is_member_of_frames":["training_frame","validation_frame"],"is_mutually_exclusive_with":["response_column","ignored_columns","offset_column","fold_column"],"gridable":true},{"__meta":{"schema_version":3,"schema_name":"ModelParameterSchemaV3","schema_type":"Iced"},"name":"balance_classes","label":"balance_classes","help":"Balance training data class counts via over/under-sampling (for imbalanced data).","required":false,"type":"boolean","default_value":false,"actual_value":false,"input_value":false,"level":"secondary","values":[],"is_member_of_frames":[],"is_mutually_exclusive_with":[],"gridable":true},{"__meta":{"schema_version":3,"schema_name":"ModelParameterSchemaV3","schema_type":"Iced"},"name":"class_sampling_factors","label":"class_sampling_factors","help":"Desired over/under-sampling ratios per class (in lexicographic order). If not specified, sampling factors will be automatically computed to obtain class balance during training. Requires balance_classes.","required":false,"type":"float[]","default_value":null,"actual_value":null,"input_value":null,"level":"expert","values":[],"is_member_of_frames":[],"is_mutually_exclusive_with":[],"gridable":true},{"__meta":{"schema_version":3,"schema_name":"ModelParameterSchemaV3","schema_type":"Iced"},"name":"max_after_balance_size","label":"max_after_balance_size","help":"Maximum relative size of the training data after balancing class counts (can be less than 1.0). Requires balance_classes.","required":false,"type":"float","default_value":5.0,"actual_value":5.0,"input_value":5.0,"level":"expert","values":[],"is_member_of_frames":[],"is_mutually_exclusive_with":[],"gridable":true},{"__meta":{"schema_version":3,"schema_name":"ModelParameterSchemaV3","schema_type":"Iced"},"name":"max_confusion_matrix_size","label":"max_confusion_matrix_size","help":"[Deprecated] Maximum size (# classes) for confusion matrices to be printed in the Logs","required":false,"type":"int","default_value":20,"actual_value":20,"input_value":20,"level":"secondary","values":[],"is_member_of_frames":[],"is_mutually_exclusive_with":[],"gridable":false},{"__meta":{"schema_version":3,"schema_name":"ModelParameterSchemaV3","schema_type":"Iced"},"name":"ntrees","label":"ntrees","help":"Number of trees.","required":false,"type":"int","default_value":50,"actual_value":75,"input_value":10000,"level":"critical","values":[],"is_member_of_frames":[],"is_mutually_exclusive_with":[],"gridable":true},{"__meta":{"schema_version":3,"schema_name":"ModelParameterSchemaV3","schema_type":"Iced"},"name":"max_depth","label":"max_depth","help":"Maximum tree depth (0 for unlimited).","required":false,"type":"int","default_value":5,"actual_value":5,"input_value":5,"level":"critical","values":[],"is_member_of_frames":[],"is_mutually_exclusive_with":[],"gridable":true},{"__meta":{"schema_version":3,"schema_name":"ModelParameterSchemaV3","schema_type":"Iced"},"name":"min_rows","label":"min_rows","help":"Fewest allowed (weighted) observations in a leaf.","required":false,"type":"double","default_value":10.0,"actual_value":5.0,"input_value":5.0,"level":"critical","values":[],"is_member_of_frames":[],"is_mutually_exclusive_with":[],"gridable":true},{"__meta":{"schema_version":3,"schema_name":"ModelParameterSchemaV3","schema_type":"Iced"},"name":"nbins","label":"nbins","help":"For numerical columns (real/int), build a histogram of (at least) this many bins, then split at the best point","required":false,"type":"int","default_value":20,"actual_value":20,"input_value":20,"level":"critical","values":[],"is_member_of_frames":[],"is_mutually_exclusive_with":[],"gridable":true},{"__meta":{"schema_version":3,"schema_name":"ModelParameterSchemaV3","schema_type":"Iced"},"name":"nbins_top_level","label":"nbins_top_level","help":"For numerical columns (real/int), build a histogram of (at most) this many bins at the root level, then decrease by factor of two per level","required":false,"type":"int","default_value":1024,"actual_value":1024,"input_value":1024,"level":"secondary","values":[],"is_member_of_frames":[],"is_mutually_exclusive_with":[],"gridable":true},{"__meta":{"schema_version":3,"schema_name":"ModelParameterSchemaV3","schema_type":"Iced"},"name":"nbins_cats","label":"nbins_cats","help":"For categorical columns (factors), build a histogram of this many bins, then split at the best point. Higher values can lead to more overfitting.","required":false,"type":"int","default_value":1024,"actual_value":1024,"input_value":1024,"level":"secondary","values":[],"is_member_of_frames":[],"is_mutually_exclusive_with":[],"gridable":true},{"__meta":{"schema_version":3,"schema_name":"ModelParameterSchemaV3","schema_type":"Iced"},"name":"r2_stopping","label":"r2_stopping","help":"r2_stopping is no longer supported and will be ignored if set - please use stopping_rounds, stopping_metric and stopping_tolerance instead. Previous version of H2O would stop making trees when the R^2 metric equals or exceeds this","required":false,"type":"double","default_value":1.7976931348623157E308,"actual_value":1.7976931348623157E308,"input_value":1.7976931348623157E308,"level":"secondary","values":[],"is_member_of_frames":[],"is_mutually_exclusive_with":[],"gridable":true},{"__meta":{"schema_version":3,"schema_name":"ModelParameterSchemaV3","schema_type":"Iced"},"name":"stopping_rounds","label":"stopping_rounds","help":"Early stopping based on convergence of stopping_metric. Stop if simple moving average of length k of the stopping_metric does not improve for k:=stopping_rounds scoring events (0 to disable)","required":false,"type":"int","default_value":0,"actual_value":0,"input_value":3,"level":"secondary","values":[],"is_member_of_frames":[],"is_mutually_exclusive_with":[],"gridable":true},{"__meta":{"schema_version":3,"schema_name":"ModelParameterSchemaV3","schema_type":"Iced"},"name":"stopping_metric","label":"stopping_metric","help":"Metric to use for early stopping (AUTO: logloss for classification, deviance for regression and anonomaly_score for Isolation Forest). Note that custom and custom_increasing can only be used in GBM and DRF with the Python client.","required":false,"type":"enum","default_value":"AUTO","actual_value":"RMSE","input_value":"RMSE","level":"secondary","values":["AUTO","deviance","logloss","MSE","RMSE","MAE","RMSLE","AUC","AUCPR","lift_top_group","misclassification","mean_per_class_error","anomaly_score","custom","custom_increasing"],"is_member_of_frames":[],"is_mutually_exclusive_with":[],"gridable":true},{"__meta":{"schema_version":3,"schema_name":"ModelParameterSchemaV3","schema_type":"Iced"},"name":"stopping_tolerance","label":"stopping_tolerance","help":"Relative tolerance for metric-based stopping criterion (stop if relative improvement is not at least this much)","required":false,"type":"double","default_value":0.001,"actual_value":0.04588314677411235,"input_value":0.04588314677411235,"level":"secondary","values":[],"is_member_of_frames":[],"is_mutually_exclusive_with":[],"gridable":true},{"__meta":{"schema_version":3,"schema_name":"ModelParameterSchemaV3","schema_type":"Iced"},"name":"max_runtime_secs","label":"max_runtime_secs","help":"Maximum allowed runtime in seconds for model training. Use 0 to disable.","required":false,"type":"double","default_value":0.0,"actual_value":0.0,"input_value":16.129,"level":"secondary","values":[],"is_member_of_frames":[],"is_mutually_exclusive_with":[],"gridable":true},{"__meta":{"schema_version":3,"schema_name":"ModelParameterSchemaV3","schema_type":"Iced"},"name":"seed","label":"seed","help":"Seed for pseudo random number generator (if applicable)","required":false,"type":"long","default_value":-1,"actual_value":73090427,"input_value":73090427,"level":"critical","values":[],"is_member_of_frames":[],"is_mutually_exclusive_with":[],"gridable":true},{"__meta":{"schema_version":3,"schema_name":"ModelParameterSchemaV3","schema_type":"Iced"},"name":"build_tree_one_node","label":"build_tree_one_node","help":"Run on one node only; no network overhead but fewer cpus used. Suitable for small datasets.","required":false,"type":"boolean","default_value":false,"actual_value":false,"input_value":false,"level":"expert","values":[],"is_member_of_frames":[],"is_mutually_exclusive_with":[],"gridable":false},{"__meta":{"schema_version":3,"schema_name":"ModelParameterSchemaV3","schema_type":"Iced"},"name":"learn_rate","label":"learn_rate","help":"Learning rate (from 0.0 to 1.0)","required":false,"type":"double","default_value":0.1,"actual_value":0.1,"input_value":0.1,"level":"critical","values":[],"is_member_of_frames":[],"is_mutually_exclusive_with":[],"gridable":true},{"__meta":{"schema_version":3,"schema_name":"ModelParameterSchemaV3","schema_type":"Iced"},"name":"learn_rate_annealing","label":"learn_rate_annealing","help":"Scale the learning rate by this factor after each tree (e.g., 0.99 or 0.999) ","required":false,"type":"double","default_value":1.0,"actual_value":1.0,"input_value":1.0,"level":"secondary","values":[],"is_member_of_frames":[],"is_mutually_exclusive_with":[],"gridable":true},{"__meta":{"schema_version":3,"schema_name":"ModelParameterSchemaV3","schema_type":"Iced"},"name":"distribution","label":"distribution","help":"Distribution function","required":false,"type":"enum","default_value":"AUTO","actual_value":"gaussian","input_value":"AUTO","level":"secondary","values":["AUTO","bernoulli","quasibinomial","ordinal","multinomial","gaussian","poisson","gamma","tweedie","laplace","quantile","huber","custom"],"is_member_of_frames":[],"is_mutually_exclusive_with":[],"gridable":true},{"__meta":{"schema_version":3,"schema_name":"ModelParameterSchemaV3","schema_type":"Iced"},"name":"quantile_alpha","label":"quantile_alpha","help":"Desired quantile for Quantile regression, must be between 0 and 1.","required":false,"type":"double","default_value":0.5,"actual_value":0.5,"input_value":0.5,"level":"secondary","values":[],"is_member_of_frames":[],"is_mutually_exclusive_with":[],"gridable":true},{"__meta":{"schema_version":3,"schema_name":"ModelParameterSchemaV3","schema_type":"Iced"},"name":"tweedie_power","label":"tweedie_power","help":"Tweedie power for Tweedie regression, must be between 1 and 2.","required":false,"type":"double","default_value":1.5,"actual_value":1.5,"input_value":1.5,"level":"secondary","values":[],"is_member_of_frames":[],"is_mutually_exclusive_with":[],"gridable":true},{"__meta":{"schema_version":3,"schema_name":"ModelParameterSchemaV3","schema_type":"Iced"},"name":"huber_alpha","label":"huber_alpha","help":"Desired quantile for Huber/M-regression (threshold between quadratic and linear loss, must be between 0 and 1).","required":false,"type":"double","default_value":0.9,"actual_value":0.9,"input_value":0.9,"level":"secondary","values":[],"is_member_of_frames":[],"is_mutually_exclusive_with":[],"gridable":true},{"__meta":{"schema_version":3,"schema_name":"ModelParameterSchemaV3","schema_type":"Iced"},"name":"checkpoint","label":"checkpoint","help":"Model checkpoint to resume training with.","required":false,"type":"Key<Model>","default_value":null,"actual_value":null,"input_value":null,"level":"secondary","values":[],"is_member_of_frames":[],"is_mutually_exclusive_with":[],"gridable":false},{"__meta":{"schema_version":3,"schema_name":"ModelParameterSchemaV3","schema_type":"Iced"},"name":"sample_rate","label":"sample_rate","help":"Row sample rate per tree (from 0.0 to 1.0)","required":false,"type":"double","default_value":1.0,"actual_value":0.5,"input_value":0.5,"level":"critical","values":[],"is_member_of_frames":[],"is_mutually_exclusive_with":[],"gridable":true},{"__meta":{"schema_version":3,"schema_name":"ModelParameterSchemaV3","schema_type":"Iced"},"name":"sample_rate_per_class","label":"sample_rate_per_class","help":"A list of row sample rates per class (relative fraction for each class, from 0.0 to 1.0), for each tree","required":false,"type":"double[]","default_value":null,"actual_value":null,"input_value":null,"level":"expert","values":[],"is_member_of_frames":[],"is_mutually_exclusive_with":[],"gridable":true},{"__meta":{"schema_version":3,"schema_name":"ModelParameterSchemaV3","schema_type":"Iced"},"name":"col_sample_rate","label":"col_sample_rate","help":"Column sample rate (from 0.0 to 1.0)","required":false,"type":"double","default_value":1.0,"actual_value":0.7,"input_value":0.7,"level":"critical","values":[],"is_member_of_frames":[],"is_mutually_exclusive_with":[],"gridable":true},{"__meta":{"schema_version":3,"schema_name":"ModelParameterSchemaV3","schema_type":"Iced"},"name":"col_sample_rate_change_per_level","label":"col_sample_rate_change_per_level","help":"Relative change of the column sampling rate for every level (must be > 0.0 and <= 2.0)","required":false,"type":"double","default_value":1.0,"actual_value":1.0,"input_value":1.0,"level":"expert","values":[],"is_member_of_frames":[],"is_mutually_exclusive_with":[],"gridable":true},{"__meta":{"schema_version":3,"schema_name":"ModelParameterSchemaV3","schema_type":"Iced"},"name":"col_sample_rate_per_tree","label":"col_sample_rate_per_tree","help":"Column sample rate per tree (from 0.0 to 1.0)","required":false,"type":"double","default_value":1.0,"actual_value":1.0,"input_value":1.0,"level":"secondary","values":[],"is_member_of_frames":[],"is_mutually_exclusive_with":[],"gridable":true},{"__meta":{"schema_version":3,"schema_name":"ModelParameterSchemaV3","schema_type":"Iced"},"name":"min_split_improvement","label":"min_split_improvement","help":"Minimum relative improvement in squared error reduction for a split to happen","required":false,"type":"double","default_value":1.0E-5,"actual_value":1.0E-4,"input_value":1.0E-4,"level":"secondary","values":[],"is_member_of_frames":[],"is_mutually_exclusive_with":[],"gridable":true},{"__meta":{"schema_version":3,"schema_name":"ModelParameterSchemaV3","schema_type":"Iced"},"name":"histogram_type","label":"histogram_type","help":"What type of histogram to use for finding optimal split points","required":false,"type":"enum","default_value":"AUTO","actual_value":"UniformAdaptive","input_value":"AUTO","level":"secondary","values":["AUTO","UniformAdaptive","Random","QuantilesGlobal","RoundRobin"],"is_member_of_frames":[],"is_mutually_exclusive_with":[],"gridable":true},{"__meta":{"schema_version":3,"schema_name":"ModelParameterSchemaV3","schema_type":"Iced"},"name":"max_abs_leafnode_pred","label":"max_abs_leafnode_pred","help":"Maximum absolute value of a leaf node prediction","required":false,"type":"double","default_value":1.7976931348623157E308,"actual_value":1.7976931348623157E308,"input_value":1.7976931348623157E308,"level":"expert","values":[],"is_member_of_frames":[],"is_mutually_exclusive_with":[],"gridable":true},{"__meta":{"schema_version":3,"schema_name":"ModelParameterSchemaV3","schema_type":"Iced"},"name":"pred_noise_bandwidth","label":"pred_noise_bandwidth","help":"Bandwidth (sigma) of Gaussian multiplicative noise ~N(1,sigma) for tree node predictions","required":false,"type":"double","default_value":0.0,"actual_value":0.0,"input_value":0.0,"level":"expert","values":[],"is_member_of_frames":[],"is_mutually_exclusive_with":[],"gridable":true},{"__meta":{"schema_version":3,"schema_name":"ModelParameterSchemaV3","schema_type":"Iced"},"name":"categorical_encoding","label":"categorical_encoding","help":"Encoding scheme for categorical features","required":false,"type":"enum","default_value":"AUTO","actual_value":"Enum","input_value":"AUTO","level":"secondary","values":["AUTO","Enum","OneHotInternal","OneHotExplicit","Binary","Eigen","LabelEncoder","SortByResponse","EnumLimited"],"is_member_of_frames":[],"is_mutually_exclusive_with":[],"gridable":true},{"__meta":{"schema_version":3,"schema_name":"ModelParameterSchemaV3","schema_type":"Iced"},"name":"calibrate_model","label":"calibrate_model","help":"Use Platt Scaling to calculate calibrated class probabilities. Calibration can provide more accurate estimates of class probabilities.","required":false,"type":"boolean","default_value":false,"actual_value":false,"input_value":false,"level":"expert","values":[],"is_member_of_frames":[],"is_mutually_exclusive_with":[],"gridable":false},{"__meta":{"schema_version":3,"schema_name":"ModelParameterSchemaV3","schema_type":"Iced"},"name":"calibration_frame","label":"calibration_frame","help":"Calibration frame for Platt Scaling","required":false,"type":"Key<Frame>","default_value":null,"actual_value":null,"input_value":null,"level":"expert","values":[],"is_member_of_frames":[],"is_mutually_exclusive_with":[],"gridable":false},{"__meta":{"schema_version":3,"schema_name":"ModelParameterSchemaV3","schema_type":"Iced"},"name":"custom_metric_func","label":"custom_metric_func","help":"Reference to custom evaluation function, format: `language:keyName=funcName`","required":false,"type":"string","default_value":null,"actual_value":null,"input_value":null,"level":"secondary","values":[],"is_member_of_frames":[],"is_mutually_exclusive_with":[],"gridable":false},{"__meta":{"schema_version":3,"schema_name":"ModelParameterSchemaV3","schema_type":"Iced"},"name":"custom_distribution_func","label":"custom_distribution_func","help":"Reference to custom distribution, format: `language:keyName=funcName`","required":false,"type":"string","default_value":null,"actual_value":null,"input_value":null,"level":"secondary","values":[],"is_member_of_frames":[],"is_mutually_exclusive_with":[],"gridable":false},{"__meta":{"schema_version":3,"schema_name":"ModelParameterSchemaV3","schema_type":"Iced"},"name":"export_checkpoints_dir","label":"export_checkpoints_dir","help":"Automatically export generated models to this directory.","required":false,"type":"string","default_value":null,"actual_value":"/home/kuba/Documents/NETS/FOR_GRID_PACKAGES/h2o_AutoML_v16_2/h2o_AutoML_Python-master/export","input_value":"/home/kuba/Documents/NETS/FOR_GRID_PACKAGES/h2o_AutoML_v16_2/h2o_AutoML_Python-master/export","level":"secondary","values":[],"is_member_of_frames":[],"is_mutually_exclusive_with":[],"gridable":false},{"__meta":{"schema_version":3,"schema_name":"ModelParameterSchemaV3","schema_type":"Iced"},"name":"monotone_constraints","label":"monotone_constraints","help":"A mapping representing monotonic constraints. Use +1 to enforce an increasing constraint and -1 to specify a decreasing constraint.","required":false,"type":"KeyValue[]","default_value":null,"actual_value":null,"input_value":null,"level":"secondary","values":[],"is_member_of_frames":[],"is_mutually_exclusive_with":[],"gridable":false},{"__meta":{"schema_version":3,"schema_name":"ModelParameterSchemaV3","schema_type":"Iced"},"name":"check_constant_response","label":"check_constant_response","help":"Check if response column is constant. If enabled, then an exception is thrown if the response column is a constant value.If disabled, then model will train regardless of the response column being a constant value or not.","required":false,"type":"boolean","default_value":true,"actual_value":true,"input_value":true,"level":"expert","values":[],"is_member_of_frames":[],"is_mutually_exclusive_with":[],"gridable":false},{"__meta":{"schema_version":3,"schema_name":"ModelParameterSchemaV3","schema_type":"Iced"},"name":"gainslift_bins","label":"gainslift_bins","help":"Gains/Lift table number of bins. 0 means disabled.. Default value -1 means automatic binning.","required":false,"type":"int","default_value":-1,"actual_value":-1,"input_value":-1,"level":"secondary","values":[],"is_member_of_frames":[],"is_mutually_exclusive_with":[],"gridable":false}],"output":{"__meta":{"schema_version":3,"schema_name":"GBMModelOutputV3","schema_type":"GBMOutput"},"names":["C_no","H_no","N_no","O_no","S_no","Aliphatic_atom_count","Aliphatic_bond_count","Aliphatic_ring_count","Aromatic_atom_count","Aromatic_bond_count","Aromatic_ring_count","Asymmetric_atom_count","Bond_count","Carboaromatic_ring_count","Carbo_ring_count","Chain_atom_count","Chiral_center_count","Cyclomatic_number","Balaban_index","Dreiding_energy","Fused_aliphatic_ring_count","Fused_aromatic_ring_count","Fused_ring_count","Heteroaliphatic_ring_count","Heteroaromatic_ring_count","Hetero_ring_count","Hyper_wiener_index","Largest_ring_size","Largest_ring_system_size","Mass","Maximal_projection_area","Maximal_projection_radius","Length_perpendicular_to_the_max_area","Minimal_projection_area","Minimal_projection_radius","Length_perpendicular_to_the_min_area","Platt_index","Randic_index","Szeged_index","Refractivity","Ring_atom_count","Ring_bond_count","Ring_count","Ring_count_of_atom","Ring_system_count","Rotatable_bond_count","Atom_count","Aliphatic_atom_count.1","Aromatic_atom_count.1","Bond_count.1","Aliphatic_bond_count.1","Aromatic_bond_count.1","Rotatable_bond_count.1","Ring_count.1","Aliphatic_ring_count.1","Aromatic_ring_count.1","Hetero_ring_count.1","Heteroaliphatic_ring_count.1","Heteroaromatic_ring_count.1","Ring_atom_count.1","Ring_bond_count.1","Chain_atom_count.1","Chain_bond_count","Largest_ring_size.1","Atom_count.1","Aliphatic_atom_count.2","Aromatic_atom_count.2","Bond_count.2","Aliphatic_bond_count.2","Aromatic_bond_count.2","Rotatable_bond_count.2","Ring_count.2","Aliphatic_ring_count.2","Aromatic_ring_count.2","Hetero_ring_count.2","Heteroaliphatic_ring_count.2","Heteroaromatic_ring_count.2","Ring_atom_count.2","Ring_bond_count.2","Chain_atom_count.2","Chain_bond_count.1","Largest_ring_size.2","van_der_Waals_volume","pI","Quaternary_structure","PLGA_visc","PLGA_Mw","La_to_Gly","PVA_conc_inner_phase","PVA_conc_outer_phase","PVA_Mw","Inner_phase_volume","Encaps_rate","Mean_part_size","Block_polymer","PLGA_conc","PLGA_to_Placticizer","diss_pH","diss_add","diss_add_conc","Prod_method","Atom_count.2","Aliphatic_atom_count.3","Bond_count.3","Aliphatic_bond_count.3","Rotatable_bond_count.3","Ring_count.3","Aliphatic_ring_count.3","Hetero_ring_count.3","Heteroaliphatic_ring_count.3","Ring_atom_count.3","Ring_bond_count.3","Chain_atom_count.3","Chain_bond_count.2","Smallest_ring_size","Largest_ring_size.3","Mass.1","molecular","a_xx_","a_yy_","a_zz_","a_yy_.1","ASA","ASA+","ASA-","ASA_H","ASA_P","Polar_surface_area","Asymmetric_atom_count.1","Bond_count.4","Chiral_center_count.1","Cyclomatic_number.1","Dreiding_energy.1","Fragment_count","Harary_index","Hyper_wiener_index.1","Maximal_projection_area.1","Maximal_projection_radius.1","Minimal_projection_area.1","Minimal_projection_radius.1","Van_der_Waals_surface_area__3D_","Platt_index.1","Randic_index.1","Szeged_index.1","Wiener_index","Wiener_polarity","Stereoisomer_count","count","Markush_library_size","pH_0_logd","pH_1_logd","pH_2_logd","pH_3_logd","pH_4_logd","pH_5_logd","pH_6_logd","pH_7_logd","pH_8_logd","pH_9_logd","pH_10_logd","pH_11_logd","pH_12_logd","pH_13_logd","pH_14_logd","logP","bpKa1","bpKa2","acceptorcount","donorcount","pH_0_msacc","pH_1_msacc","pH_2_msacc","pH_3_msacc","pH_4_msacc","pH_5_msacc","pH_6_msacc","pH_7_msacc","pH_8_msacc","pH_9_msacc","pH_10_msacc","pH_11_msacc","pH_12_msacc","pH_13_msacc","pH_14_msacc","pH_0_msdon","pH_1_msdon","pH_2_msdon","pH_3_msdon","pH_4_msdon","pH_5_msdon","pH_6_msdon","pH_7_msdon","pH_8_msdon","pH_9_msdon","pH_10_msdon","pH_11_msdon","pH_12_msdon","pH_13_msdon","pH_14_msdon","Atom_count.3","Aliphatic_atom_count.4","Aromatic_atom_count.3","Bond_count.5","Aliphatic_bond_count.4","Aromatic_bond_count.3","Rotatable_bond_count.4","Ring_count.4","Aliphatic_ring_count.4","Hetero_ring_count.4","Heteroaliphatic_ring_count.4","Ring_atom_count.4","Ring_bond_count.4","Chain_atom_count.4","Chain_bond_count.3","Smallest_ring_size.1","Largest_ring_size.4","Mass.2","molecular.1","a_xx_.1","a_yy_.2","a_zz_.1","a_yy_.3","ASA.1","ASA+.1","ASA-.1","ASA_H.1","ASA_P.1","Polar_surface_area.1","Asymmetric_atom_count.2","Bond_count.6","Chiral_center_count.2","Cyclomatic_number.2","Dreiding_energy.2","Fragment_count.1","Harary_index.1","Hyper_wiener_index.2","Maximal_projection_area.2","Maximal_projection_radius.2","Minimal_projection_area.2","Minimal_projection_radius.2","Van_der_Waals_surface_area__3D_.1","Platt_index.2","Randic_index.2","Szeged_index.2","Wiener_index.1","Wiener_polarity.1","Stereoisomer_count.1","count.1","Markush_library_size.1","pH_0_logd.1","pH_1_logd.1","pH_2_logd.1","pH_3_logd.1","pH_4_logd.1","pH_5_logd.1","pH_6_logd.1","pH_7_logd.1","pH_8_logd.1","pH_9_logd.1","pH_10_logd.1","pH_11_logd.1","pH_12_logd.1","pH_13_logd.1","pH_14_logd.1","logP.1","bpKa1.1","bpKa2.1","acceptorcount.1","donorcount.1","pH_0_msacc.1","pH_1_msacc.1","pH_2_msacc.1","pH_3_msacc.1","pH_4_msacc.1","pH_5_msacc.1","pH_6_msacc.1","pH_7_msacc.1","pH_8_msacc.1","pH_9_msacc.1","pH_10_msacc.1","pH_11_msacc.1","pH_12_msacc.1","pH_13_msacc.1","pH_14_msacc.1","pH_0_msdon.1","pH_1_msdon.1","pH_2_msdon.1","pH_3_msdon.1","pH_4_msdon.1","pH_5_msdon.1","pH_6_msdon.1","pH_7_msdon.1","pH_8_msdon.1","pH_9_msdon.1","pH_10_msdon.1","pH_11_msdon.1","pH_12_msdon.1","pH_13_msdon.1","pH_14_msdon.1","Time_Days","Q_perc"],"original_names":null,"column_types":["Numeric","Numeric","Numeric","Numeric","Numeric","Numeric","Numeric","Numeric","Numeric","Numeric","Numeric","Numeric","Numeric","Numeric","Numeric","Numeric","Numeric","Numeric","Numeric","Numeric","Numeric","Numeric","Numeric","Numeric","Numeric","Numeric","Numeric","Numeric","Numeric","Numeric","Numeric","Numeric","Numeric","Numeric","Numeric","Numeric","Numeric","Numeric","Numeric","Numeric","Numeric","Numeric","Numeric","Numeric","Numeric","Numeric","Numeric","Numeric","Numeric","Numeric","Numeric","Numeric","Numeric","Numeric","Numeric","Numeric","Numeric","Numeric","Numeric","Numeric","Numeric","Numeric","Numeric","Numeric","Numeric","Numeric","Numeric","Numeric","Numeric","Numeric","Numeric","Numeric","Numeric","Numeric","Numeric","Numeric","Numeric","Numeric","Numeric","Numeric","Numeric","Numeric","Numeric","Numeric","Numeric","Numeric","Numeric","Numeric","Numeric","Numeric","Numeric","Numeric","Numeric","Numeric","Numeric","Numeric","Numeric","Numeric","Numeric","Numeric","Numeric","Numeric","Numeric","Numeric","Numeric","Numeric","Numeric","Numeric","Numeric","Numeric","Numeric","Numeric","Numeric","Numeric","Numeric","Numeric","Numeric","Numeric","Numeric","Numeric","Numeric","Numeric","Numeric","Numeric","Numeric","Numeric","Numeric","Numeric","Numeric","Numeric","Numeric","Numeric","Numeric","Numeric","Numeric","Numeric","Numeric","Numeric","Numeric","Numeric","Numeric","Numeric","Numeric","Numeric","Numeric","Numeric","Numeric","Numeric","Numeric","Numeric","Numeric","Numeric","Numeric","Numeric","Numeric","Numeric","Numeric","Numeric","Numeric","Numeric","Numeric","Numeric","Numeric","Numeric","Numeric","Numeric","Numeric","Numeric","Numeric","Numeric","Numeric","Numeric","Numeric","Numeric","Numeric","Numeric","Numeric","Numeric","Numeric","Numeric","Numeric","Numeric","Numeric","Numeric","Numeric","Numeric","Numeric","Numeric","Numeric","Numeric","Numeric","Numeric","Numeric","Numeric","Numeric","Numeric","Numeric","Numeric","Numeric","Numeric","Numeric","Numeric","Numeric","Numeric","Numeric","Numeric","Numeric","Numeric","Numeric","Numeric","Numeric","Numeric","Numeric","Numeric","Numeric","Numeric","Numeric","Numeric","Numeric","Numeric","Numeric","Numeric","Numeric","Numeric","Numeric","Numeric","Numeric","Numeric","Numeric","Numeric","Numeric","Numeric","Numeric","Numeric","Numeric","Numeric","Numeric","Numeric","Numeric","Numeric","Numeric","Numeric","Numeric","Numeric","Numeric","Numeric","Numeric","Numeric","Numeric","Numeric","Numeric","Numeric","Numeric","Numeric","Numeric","Numeric","Numeric","Numeric","Numeric","Numeric","Numeric","Numeric","Numeric","Numeric","Numeric","Numeric","Numeric","Numeric","Numeric","Numeric","Numeric","Numeric","Numeric","Numeric","Numeric","Numeric","Numeric","Numeric","Numeric","Numeric","Numeric","Numeric","Numeric","Numeric","Numeric","Numeric","Numeric","Numeric","Numeric","Numeric","Numeric","Numeric","Numeric","Numeric","Numeric","Numeric","Numeric","Numeric","Numeric","Numeric","Numeric"],"domains":[null,null,null,null,null,null,null,null,null,null,null,null,null,null,null,null,null,null,null,null,null,null,null,null,null,null,null,null,null,null,null,null,null,null,null,null,null,null,null,null,null,null,null,null,null,null,null,null,null,null,null,null,null,null,null,null,null,null,null,null,null,null,null,null,null,null,null,null,null,null,null,null,null,null,null,null,null,null,null,null,null,null,null,null,null,null,null,null,null,null,null,null,null,null,null,null,null,null,null,null,null,null,null,null,null,null,null,null,null,null,null,null,null,null,null,null,null,null,null,null,null,null,null,null,null,null,null,null,null,null,null,null,null,null,null,null,null,null,null,null,null,null,null,null,null,null,null,null,null,null,null,null,null,null,null,null,null,null,null,null,null,null,null,null,null,null,null,null,null,null,null,null,null,null,null,null,null,null,null,null,null,null,null,null,null,null,null,null,null,null,null,null,null,null,null,null,null,null,null,null,null,null,null,null,null,null,null,null,null,null,null,null,null,null,null,null,null,null,null,null,null,null,null,null,null,null,null,null,null,null,null,null,null,null,null,null,null,null,null,null,null,null,null,null,null,null,null,null,null,null,null,null,null,null,null,null,null,null,null,null,null,null,null,null,null,null,null,null,null,null,null,null,null,null,null,null,null,null,null,null,null,null,null,null,null,null,null,null,null,null,null,null,null,null,null,null,null,null,null,null,null],"cross_validation_models":[{"__meta":{"schema_version":3,"schema_name":"ModelKeyV3","schema_type":"Key<Model>"},"name":"GBM_grid__1_AutoML_20210217_124248_model_9_cv_1","type":"Key<Model>","URL":"/3/Models/GBM_grid__1_AutoML_20210217_124248_model_9_cv_1"},{"__meta":{"schema_version":3,"schema_name":"ModelKeyV3","schema_type":"Key<Model>"},"name":"GBM_grid__1_AutoML_20210217_124248_model_9_cv_2","type":"Key<Model>","URL":"/3/Models/GBM_grid__1_AutoML_20210217_124248_model_9_cv_2"},{"__meta":{"schema_version":3,"schema_name":"ModelKeyV3","schema_type":"Key<Model>"},"name":"GBM_grid__1_AutoML_20210217_124248_model_9_cv_3","type":"Key<Model>","URL":"/3/Models/GBM_grid__1_AutoML_20210217_124248_model_9_cv_3"},{"__meta":{"schema_version":3,"schema_name":"ModelKeyV3","schema_type":"Key<Model>"},"name":"GBM_grid__1_AutoML_20210217_124248_model_9_cv_4","type":"Key<Model>","URL":"/3/Models/GBM_grid__1_AutoML_20210217_124248_model_9_cv_4"},{"__meta":{"schema_version":3,"schema_name":"ModelKeyV3","schema_type":"Key<Model>"},"name":"GBM_grid__1_AutoML_20210217_124248_model_9_cv_5","type":"Key<Model>","URL":"/3/Models/GBM_grid__1_AutoML_20210217_124248_model_9_cv_5"}],"cross_validation_predictions":[{"__meta":{"schema_version":3,"schema_name":"FrameKeyV3","schema_type":"Key<Frame>"},"name":"prediction_GBM_grid__1_AutoML_20210217_124248_model_9_cv_1","type":"Key<Frame>","URL":"/3/Frames/prediction_GBM_grid__1_AutoML_20210217_124248_model_9_cv_1"},{"__meta":{"schema_version":3,"schema_name":"FrameKeyV3","schema_type":"Key<Frame>"},"name":"prediction_GBM_grid__1_AutoML_20210217_124248_model_9_cv_2","type":"Key<Frame>","URL":"/3/Frames/prediction_GBM_grid__1_AutoML_20210217_124248_model_9_cv_2"},{"__meta":{"schema_version":3,"schema_name":"FrameKeyV3","schema_type":"Key<Frame>"},"name":"prediction_GBM_grid__1_AutoML_20210217_124248_model_9_cv_3","type":"Key<Frame>","URL":"/3/Frames/prediction_GBM_grid__1_AutoML_20210217_124248_model_9_cv_3"},{"__meta":{"schema_version":3,"schema_name":"FrameKeyV3","schema_type":"Key<Frame>"},"name":"prediction_GBM_grid__1_AutoML_20210217_124248_model_9_cv_4","type":"Key<Frame>","URL":"/3/Frames/prediction_GBM_grid__1_AutoML_20210217_124248_model_9_cv_4"},{"__meta":{"schema_version":3,"schema_name":"FrameKeyV3","schema_type":"Key<Frame>"},"name":"prediction_GBM_grid__1_AutoML_20210217_124248_model_9_cv_5","type":"Key<Frame>","URL":"/3/Frames/prediction_GBM_grid__1_AutoML_20210217_124248_model_9_cv_5"}],"cross_validation_holdout_predictions_frame_id":{"__meta":{"schema_version":3,"schema_name":"FrameKeyV3","schema_type":"Key<Frame>"},"name":"cv_holdout_prediction_GBM_grid__1_AutoML_20210217_124248_model_9","type":"Key<Frame>","URL":"/3/Frames/cv_holdout_prediction_GBM_grid__1_AutoML_20210217_124248_model_9"},"cross_validation_fold_assignment_frame_id":{"__meta":{"schema_version":3,"schema_name":"FrameKeyV3","schema_type":"Key<Frame>"},"name":"cv_fold_assignment_GBM_grid__1_AutoML_20210217_124248_model_9","type":"Key<Frame>","URL":"/3/Frames/cv_fold_assignment_GBM_grid__1_AutoML_20210217_124248_model_9"},"model_category":"Regression","model_summary":{"__meta":{"schema_version":3,"schema_name":"TwoDimTableV3","schema_type":"TwoDimTable"},"name":"Model Summary","description":"","columns":[{"__meta":{"schema_version":-1,"schema_name":"ColumnSpecsBase","schema_type":"Iced"},"name":"","type":"string","format":"%s","description":""},{"__meta":{"schema_version":-1,"schema_name":"ColumnSpecsBase","schema_type":"Iced"},"name":"number_of_trees","type":"long","format":"%d","description":"Number of Trees"},{"__meta":{"schema_version":-1,"schema_name":"ColumnSpecsBase","schema_type":"Iced"},"name":"number_of_internal_trees","type":"long","format":"%d","description":"Number of Internal Trees"},{"__meta":{"schema_version":-1,"schema_name":"ColumnSpecsBase","schema_type":"Iced"},"name":"model_size_in_bytes","type":"long","format":"%d","description":"Model Size in Bytes"},{"__meta":{"schema_version":-1,"schema_name":"ColumnSpecsBase","schema_type":"Iced"},"name":"min_depth","type":"long","format":"%d","description":"Min. Depth"},{"__meta":{"schema_version":-1,"schema_name":"ColumnSpecsBase","schema_type":"Iced"},"name":"max_depth","type":"long","format":"%d","description":"Max. Depth"},{"__meta":{"schema_version":-1,"schema_name":"ColumnSpecsBase","schema_type":"Iced"},"name":"mean_depth","type":"double","format":"%.5f","description":"Mean Depth"},{"__meta":{"schema_version":-1,"schema_name":"ColumnSpecsBase","schema_type":"Iced"},"name":"min_leaves","type":"long","format":"%d","description":"Min. Leaves"},{"__meta":{"schema_version":-1,"schema_name":"ColumnSpecsBase","schema_type":"Iced"},"name":"max_leaves","type":"long","format":"%d","description":"Max. Leaves"},{"__meta":{"schema_version":-1,"schema_name":"ColumnSpecsBase","schema_type":"Iced"},"name":"mean_leaves","type":"double","format":"%.5f","description":"Mean Leaves"}],"rowcount":1,"data":[[""],[75],[75],[18591],[5],[5],[5.0],[7],[25],[15.12]]},"scoring_history":{"__meta":{"schema_version":3,"schema_name":"TwoDimTableV3","schema_type":"TwoDimTable"},"name":"Scoring History","description":"","columns":[{"__meta":{"schema_version":-1,"schema_name":"ColumnSpecsBase","schema_type":"Iced"},"name":"","type":"string","format":"%s","description":""},{"__meta":{"schema_version":-1,"schema_name":"ColumnSpecsBase","schema_type":"Iced"},"name":"timestamp","type":"string","format":"%s","description":"Timestamp"},{"__meta":{"schema_version":-1,"schema_name":"ColumnSpecsBase","schema_type":"Iced"},"name":"duration","type":"string","format":"%s","description":"Duration"},{"__meta":{"schema_version":-1,"schema_name":"ColumnSpecsBase","schema_type":"Iced"},"name":"number_of_trees","type":"long","format":"%d","description":"Number of Trees"},{"__meta":{"schema_version":-1,"schema_name":"ColumnSpecsBase","schema_type":"Iced"},"name":"training_rmse","type":"double","format":"%.5f","description":"Training RMSE"},{"__meta":{"schema_version":-1,"schema_name":"ColumnSpecsBase","schema_type":"Iced"},"name":"training_mae","type":"double","format":"%.5f","description":"Training MAE"},{"__meta":{"schema_version":-1,"schema_name":"ColumnSpecsBase","schema_type":"Iced"},"name":"training_deviance","type":"double","format":"%.5f","description":"Training Deviance"}],"rowcount":16,"data":[["","","","","","","","","","","","","","","",""],["2021-02-17 12:46:11","2021-02-17 12:46:12","2021-02-17 12:46:12","2021-02-17 12:46:12","2021-02-17 12:46:12","2021-02-17 12:46:12","2021-02-17 12:46:12","2021-02-17 12:46:12","2021-02-17 12:46:12","2021-02-17 12:46:12","2021-02-17 12:46:12","2021-02-17 12:46:12","2021-02-17 12:46:12","2021-02-17 12:46:12","2021-02-17 12:46:13","2021-02-17 12:46:13"],["44.377 sec","44.460 sec","44.536 sec","44.619 sec","44.696 sec","44.770 sec","44.855 sec","44.924 sec","45.001 sec","45.073 sec","45.142 sec","45.216 sec","45.279 sec","45.351 sec","45.411 sec","45.477 sec"],[0,5,10,15,20,25,30,35,40,45,50,55,60,65,70,75],[31.05057600701612,21.849705475466667,16.05828438177661,12.152547458878288,9.729590562415813,8.409501071653128,7.405146587280589,6.861395602027178,6.247171569216863,5.832544350395004,5.551079320441881,5.260613955300873,5.073297150742511,4.862746056150483,4.757292595745664,4.6219083239392535],[27.66341190548073,19.422936064318606,14.151609308594152,10.373875411435177,8.027348442328604,6.6304878478301195,5.640885013153678,5.201737802389421,4.6079474680361,4.257558853092947,4.044527586353452,3.7842366839710033,3.645032191151067,3.451959459028746,3.385700217485428,3.28187906418976],[964.138270367485,477.409629364638,257.86849728601055,147.68440974028914,94.66493251225087,70.71970827413512,54.83619597911335,47.078749607517906,39.02715261523148,34.01857359932468,30.814481621837487,27.6740591867063,25.73834397973208,23.64629920660708,22.631832841536514,21.362036554898964]]},"reproducibility_information_table":[{"__meta":{"schema_version":3,"schema_name":"TwoDimTableV3","schema_type":"TwoDimTable"},"name":"Node Information","description":"","columns":[{"__meta":{"schema_version":-1,"schema_name":"ColumnSpecsBase","schema_type":"Iced"},"name":"","type":"string","format":"%s","description":""},{"__meta":{"schema_version":-1,"schema_name":"ColumnSpecsBase","schema_type":"Iced"},"name":"node","type":"int","format":"%d","description":"node"},{"__meta":{"schema_version":-1,"schema_name":"ColumnSpecsBase","schema_type":"Iced"},"name":"h2o","type":"string","format":"%s","description":"h2o"},{"__meta":{"schema_version":-1,"schema_name":"ColumnSpecsBase","schema_type":"Iced"},"name":"healthy","type":"string","format":"%s","description":"healthy"},{"__meta":{"schema_version":-1,"schema_name":"ColumnSpecsBase","schema_type":"Iced"},"name":"last_ping","type":"string","format":"%s","description":"last_ping"},{"__meta":{"schema_version":-1,"schema_name":"ColumnSpecsBase","schema_type":"Iced"},"name":"num_cpus","type":"int","format":"%d","description":"num_cpus"},{"__meta":{"schema_version":-1,"schema_name":"ColumnSpecsBase","schema_type":"Iced"},"name":"sys_load","type":"double","format":"%.5f","description":"sys_load"},{"__meta":{"schema_version":-1,"schema_name":"ColumnSpecsBase","schema_type":"Iced"},"name":"mem_value_size","type":"long","format":"%d","description":"mem_value_size"},{"__meta":{"schema_version":-1,"schema_name":"ColumnSpecsBase","schema_type":"Iced"},"name":"free_mem","type":"long","format":"%d","description":"free_mem"},{"__meta":{"schema_version":-1,"schema_name":"ColumnSpecsBase","schema_type":"Iced"},"name":"pojo_mem","type":"long","format":"%d","description":"pojo_mem"},{"__meta":{"schema_version":-1,"schema_name":"ColumnSpecsBase","schema_type":"Iced"},"name":"swap_mem","type":"long","format":"%d","description":"swap_mem"},{"__meta":{"schema_version":-1,"schema_name":"ColumnSpecsBase","schema_type":"Iced"},"name":"free_disc","type":"long","format":"%d","description":"free_disc"},{"__meta":{"schema_version":-1,"schema_name":"ColumnSpecsBase","schema_type":"Iced"},"name":"max_disc","type":"long","format":"%d","description":"max_disc"},{"__meta":{"schema_version":-1,"schema_name":"ColumnSpecsBase","schema_type":"Iced"},"name":"pid","type":"int","format":"%d","description":"pid"},{"__meta":{"schema_version":-1,"schema_name":"ColumnSpecsBase","schema_type":"Iced"},"name":"num_keys","type":"int","format":"%d","description":"num_keys"},{"__meta":{"schema_version":-1,"schema_name":"ColumnSpecsBase","schema_type":"Iced"},"name":"tcps_active","type":"string","format":"%s","description":"tcps_active"},{"__meta":{"schema_version":-1,"schema_name":"ColumnSpecsBase","schema_type":"Iced"},"name":"open_fds","type":"int","format":"%d","description":"open_fds"},{"__meta":{"schema_version":-1,"schema_name":"ColumnSpecsBase","schema_type":"Iced"},"name":"rpcs_active","type":"string","format":"%s","description":"rpcs_active"},{"__meta":{"schema_version":-1,"schema_name":"ColumnSpecsBase","schema_type":"Iced"},"name":"nthreads","type":"int","format":"%d","description":"nthreads"},{"__meta":{"schema_version":-1,"schema_name":"ColumnSpecsBase","schema_type":"Iced"},"name":"is_leader","type":"string","format":"%s","description":"is_leader"},{"__meta":{"schema_version":-1,"schema_name":"ColumnSpecsBase","schema_type":"Iced"},"name":"total_mem","type":"long","format":"%d","description":"total_mem"},{"__meta":{"schema_version":-1,"schema_name":"ColumnSpecsBase","schema_type":"Iced"},"name":"max_mem","type":"long","format":"%d","description":"max_mem"},{"__meta":{"schema_version":-1,"schema_name":"ColumnSpecsBase","schema_type":"Iced"},"name":"java_version","type":"string","format":"%s","description":"java_version"},{"__meta":{"schema_version":-1,"schema_name":"ColumnSpecsBase","schema_type":"Iced"},"name":"jvm_launch_parameters","type":"string","format":"%s","description":"jvm_launch_parameters"},{"__meta":{"schema_version":-1,"schema_name":"ColumnSpecsBase","schema_type":"Iced"},"name":"os_version","type":"string","format":"%s","description":"os_version"},{"__meta":{"schema_version":-1,"schema_name":"ColumnSpecsBase","schema_type":"Iced"},"name":"machine_physical_mem","type":"long","format":"%d","description":"machine_physical_mem"},{"__meta":{"schema_version":-1,"schema_name":"ColumnSpecsBase","schema_type":"Iced"},"name":"machine_locale","type":"string","format":"%s","description":"machine_locale"}],"rowcount":1,"data":[[""],[0],["127.0.0.1:61077"],["true"],["1613562371856"],[32],[5.42],[159719470],[7999508187],[73142519],[0],[170077978624],[3937870544896],[21599],[23855],["\u0000"],[97],["\u0000"],[4],["true"],[8573157376],[8573157376],["Java 1.8.0_275 (from IcedTea)"],["[-ea, -Xms8G, -Xmx8G, -Djava.io.tmpdir=/home/kuba/Documents/NETS/FOR_GRID_PACKAGES/h2o_AutoML_v16_2/h2o_AutoML_Python-master/export]"],["Linux 5.3.18-lp152.60-default (amd64)"],[67422072832],["pl_PL"]]},{"__meta":{"schema_version":3,"schema_name":"TwoDimTableV3","schema_type":"TwoDimTable"},"name":"Cluster Configuration","description":"","columns":[{"__meta":{"schema_version":-1,"schema_name":"ColumnSpecsBase","schema_type":"Iced"},"name":"","type":"string","format":"%s","description":""},{"__meta":{"schema_version":-1,"schema_name":"ColumnSpecsBase","schema_type":"Iced"},"name":"h2o_cluster_uptime","type":"long","format":"%d","description":"H2O cluster uptime"},{"__meta":{"schema_version":-1,"schema_name":"ColumnSpecsBase","schema_type":"Iced"},"name":"h2o_cluster_timezone","type":"string","format":"%s","description":"H2O cluster timezone"},{"__meta":{"schema_version":-1,"schema_name":"ColumnSpecsBase","schema_type":"Iced"},"name":"h2o_data_parsing_timezone","type":"string","format":"%s","description":"H2O data parsing timezone"},{"__meta":{"schema_version":-1,"schema_name":"ColumnSpecsBase","schema_type":"Iced"},"name":"h2o_cluster_version","type":"string","format":"%s","description":"H2O cluster version"},{"__meta":{"schema_version":-1,"schema_name":"ColumnSpecsBase","schema_type":"Iced"},"name":"h2o_cluster_version_age","type":"string","format":"%s","description":"H2O cluster version age"},{"__meta":{"schema_version":-1,"schema_name":"ColumnSpecsBase","schema_type":"Iced"},"name":"h2o_cluster_name","type":"string","format":"%s","description":"H2O cluster name"},{"__meta":{"schema_version":-1,"schema_name":"ColumnSpecsBase","schema_type":"Iced"},"name":"h2o_cluster_total_nodes","type":"int","format":"%d","description":"H2O cluster total nodes"},{"__meta":{"schema_version":-1,"schema_name":"ColumnSpecsBase","schema_type":"Iced"},"name":"h2o_cluster_free_memory","type":"long","format":"%d","description":"H2O cluster free memory"},{"__meta":{"schema_version":-1,"schema_name":"ColumnSpecsBase","schema_type":"Iced"},"name":"h2o_cluster_total_cores","type":"int","format":"%d","description":"H2O cluster total cores"},{"__meta":{"schema_version":-1,"schema_name":"ColumnSpecsBase","schema_type":"Iced"},"name":"h2o_cluster_allowed_cores","type":"int","format":"%d","description":"H2O cluster allowed cores"},{"__meta":{"schema_version":-1,"schema_name":"ColumnSpecsBase","schema_type":"Iced"},"name":"h2o_cluster_status","type":"string","format":"%s","description":"H2O cluster status"},{"__meta":{"schema_version":-1,"schema_name":"ColumnSpecsBase","schema_type":"Iced"},"name":"h2o_internal_security","type":"string","format":"%s","description":"H2O internal security"},{"__meta":{"schema_version":-1,"schema_name":"ColumnSpecsBase","schema_type":"Iced"},"name":"h2o_api_extensions","type":"string","format":"%s","description":"H2O API Extensions"}],"rowcount":1,"data":[[""],[297421],["Europe/Warsaw"],["UTC"],["3.32.0.2"],["2 months and 30 days"],["ABMTiWUKWpW8Dy3B"],[1],[7999508187],[32],[4],["locked, healthly"],["false"],["Amazon S3, XGBoost, Algos, AutoML, Core V3, TargetEncoder, Core V4"]]},{"__meta":{"schema_version":3,"schema_name":"TwoDimTableV3","schema_type":"TwoDimTable"},"name":"Input Frames Information","description":"","columns":[{"__meta":{"schema_version":-1,"schema_name":"ColumnSpecsBase","schema_type":"Iced"},"name":"","type":"string","format":"%s","description":""},{"__meta":{"schema_version":-1,"schema_name":"ColumnSpecsBase","schema_type":"Iced"},"name":"input_frame","type":"string","format":"%s","description":"Input Frame"},{"__meta":{"schema_version":-1,"schema_name":"ColumnSpecsBase","schema_type":"Iced"},"name":"checksum","type":"long","format":"%d","description":"Checksum"},{"__meta":{"schema_version":-1,"schema_name":"ColumnSpecsBase","schema_type":"Iced"},"name":"espc","type":"string","format":"%d","description":"ESPC"}],"rowcount":3,"data":[["","",""],["training_frame","validation_frame","calibration_frame"],[5034909643219116500,-1,-1],["[0, 475]","-1","-1"]]}],"training_metrics":{"__meta":{"schema_version":3,"schema_name":"ModelMetricsRegressionV3","schema_type":"ModelMetricsRegression"},"model":{"__meta":{"schema_version":3,"schema_name":"ModelKeyV3","schema_type":"Key<Model>"},"name":"GBM_grid__1_AutoML_20210217_124248_model_9","type":"Key<Model>","URL":"/3/Models/GBM_grid__1_AutoML_20210217_124248_model_9"},"model_checksum":-2017967890339511760,"frame":{"__meta":{"schema_version":3,"schema_name":"FrameKeyV3","schema_type":"Key<Frame>"},"name":"automl_training_Key_Frame__upload_8857ef1a3e7496a75c7eeab65eac48d5.hex","type":"Key<Frame>","URL":"/3/Frames/automl_training_Key_Frame__upload_8857ef1a3e7496a75c7eeab65eac48d5.hex"},"frame_checksum":5034909643219116500,"description":null,"model_category":"Regression","scoring_time":1613562373079,"predictions":null,"MSE":21.362036554898964,"RMSE":4.6219083239392535,"nobs":475,"custom_metric_name":null,"custom_metric_value":0.0,"r2":0.9778433890537745,"mean_residual_deviance":21.362036554898964,"mae":3.28187906418976,"rmsle":"NaN"},"validation_metrics":null,"cross_validation_metrics":{"__meta":{"schema_version":3,"schema_name":"ModelMetricsRegressionV3","schema_type":"ModelMetricsRegression"},"model":{"__meta":{"schema_version":3,"schema_name":"ModelKeyV3","schema_type":"Key<Model>"},"name":"GBM_grid__1_AutoML_20210217_124248_model_9","type":"Key<Model>","URL":"/3/Models/GBM_grid__1_AutoML_20210217_124248_model_9"},"model_checksum":-2017967890339511760,"frame":{"__meta":{"schema_version":3,"schema_name":"FrameKeyV3","schema_type":"Key<Frame>"},"name":"automl_training_Key_Frame__upload_8857ef1a3e7496a75c7eeab65eac48d5.hex","type":"Key<Frame>","URL":"/3/Frames/automl_training_Key_Frame__upload_8857ef1a3e7496a75c7eeab65eac48d5.hex"},"frame_checksum":5034909643219116500,"description":"5-fold cross-validation on training data (Metrics computed for combined holdout predictions)","model_category":"Regression","scoring_time":1613562373085,"predictions":null,"MSE":81.48873068022526,"RMSE":9.027110871160565,"nobs":475,"custom_metric_name":null,"custom_metric_value":0.0,"r2":0.9154802447068451,"mean_residual_deviance":81.48873068022526,"mae":6.026388267244977,"rmsle":"NaN"},"cross_validation_metrics_summary":{"__meta":{"schema_version":3,"schema_name":"TwoDimTableV3","schema_type":"TwoDimTable"},"name":"Cross-Validation Metrics Summary","description":"","columns":[{"__meta":{"schema_version":-1,"schema_name":"ColumnSpecsBase","schema_type":"Iced"},"name":"","type":"string","format":"%s","description":""},{"__meta":{"schema_version":-1,"schema_name":"ColumnSpecsBase","schema_type":"Iced"},"name":"mean","type":"string","format":"%s","description":"mean"},{"__meta":{"schema_version":-1,"schema_name":"ColumnSpecsBase","schema_type":"Iced"},"name":"sd","type":"string","format":"%s","description":"sd"},{"__meta":{"schema_version":-1,"schema_name":"ColumnSpecsBase","schema_type":"Iced"},"name":"cv_1_valid","type":"string","format":"%s","description":"cv_1_valid"},{"__meta":{"schema_version":-1,"schema_name":"ColumnSpecsBase","schema_type":"Iced"},"name":"cv_2_valid","type":"string","format":"%s","description":"cv_2_valid"},{"__meta":{"schema_version":-1,"schema_name":"ColumnSpecsBase","schema_type":"Iced"},"name":"cv_3_valid","type":"string","format":"%s","description":"cv_3_valid"},{"__meta":{"schema_version":-1,"schema_name":"ColumnSpecsBase","schema_type":"Iced"},"name":"cv_4_valid","type":"string","format":"%s","description":"cv_4_valid"},{"__meta":{"schema_version":-1,"schema_name":"ColumnSpecsBase","schema_type":"Iced"},"name":"cv_5_valid","type":"string","format":"%s","description":"cv_5_valid"}],"rowcount":7,"data":[["mae","mean_residual_deviance","mse","r2","residual_deviance","rmse","rmsle"],["6.026388","81.48873","81.48873","0.91440797","81.48873","8.812669","NaN"],["1.6120859","44.59898","44.59898","0.049961798","44.59898","2.1867797","0.0"],["5.2543783","62.013607","62.013607","0.9354774","62.013607","7.8748717","NaN"],["8.861807","160.72795","160.72795","0.8254864","160.72795","12.677853","NaN"],["5.5522304","66.74954","66.74954","0.93138605","66.74954","8.170039","NaN"],["5.6005473","64.77612","64.77612","0.93477476","64.77612","8.048362","NaN"],["4.8629785","53.176434","53.176434","0.94491535","53.176434","7.2922173","NaN"]]},"status":null,"start_time":1613562371978,"end_time":1613562373083,"run_time":1105,"default_threshold":0.5,"help":{"validation_metrics":"Validation data model metrics", "cross_validation_metrics_summary":"Cross-validation model metrics summary", "start_time":"Start time in milliseconds", "run_time":"Runtime in milliseconds", "status":"Job status", "domains":"Domains for categorical columns", "reproducibility_information_table":"Model reproducibility information", "model_category":"Category of the model (e.g., Binomial)", "default_threshold":"Default threshold used for predictions", "__meta":"Metadata on this schema instance, to make it self-describing.", "variable_importances":"Variable Importances", "model_summary":"Model summary", "scoring_history":"Scoring history", "help":"Help information for output fields", "end_time":"End time in milliseconds", "names":"Column names", "column_types":"Column types", "original_names":"Original column names", "cross_validation_fold_assignment_frame_id":"Cross-validation fold assignment (each row is assigned to one holdout fold)", "training_metrics":"Training data model metrics", "cross_validation_models":"Cross-validation models (model ids)", "cross_validation_metrics":"Cross-validation model metrics", "cross_validation_predictions":"Cross-validation predictions, one per cv model (deprecated, use cross_validation_holdout_predictions_frame_id instead)", "init_f":"The Intercept term, the initial model function value to which trees make adjustments", "cross_validation_holdout_predictions_frame_id":"Cross-validation holdout predictions (full out-of-sample predictions on training data)"},"variable_importances":{"__meta":{"schema_version":3,"schema_name":"TwoDimTableV3","schema_type":"TwoDimTable"},"name":"Variable Importances","description":"","columns":[{"__meta":{"schema_version":-1,"schema_name":"ColumnSpecsBase","schema_type":"Iced"},"name":"variable","type":"string","format":"%s","description":"Variable"},{"__meta":{"schema_version":-1,"schema_name":"ColumnSpecsBase","schema_type":"Iced"},"name":"relative_importance","type":"double","format":"%5f","description":"Relative Importance"},{"__meta":{"schema_version":-1,"schema_name":"ColumnSpecsBase","schema_type":"Iced"},"name":"scaled_importance","type":"double","format":"%5f","description":"Scaled Importance"},{"__meta":{"schema_version":-1,"schema_name":"ColumnSpecsBase","schema_type":"Iced"},"name":"percentage","type":"double","format":"%5f","description":"Percentage"}],"rowcount":300,"data":[["Time_Days","Prod_method","Encaps_rate","PLGA_conc","Mean_part_size","PVA_conc_inner_phase","Hyper_wiener_index","Inner_phase_volume","pH_11_logd","PVA_Mw","PVA_conc_outer_phase","Maximal_projection_radius.1","Heteroaromatic_ring_count.1","pH_12_logd","pH_5_logd","pH_13_logd","pH_10_logd","PLGA_visc","Heteroaromatic_ring_count.2","PLGA_Mw","pI","Platt_index","Balaban_index","bpKa1","PLGA_to_Placticizer","diss_add","Heteroaromatic_ring_count","S_no","Quaternary_structure","pH_8_logd","Block_polymer","Hetero_ring_count.4","Aliphatic_ring_count.2","diss_pH","Ring_bond_count","diss_add_conc","La_to_Gly","pH_10_msdon.1","pH_7_logd","pH_3_logd","Maximal_projection_radius","ASA-","Ring_count.2","Rotatable_bond_count.1","Chiral_center_count","Fused_ring_count","Minimal_projection_radius.1","Fused_aromatic_ring_count","pH_6_msacc","Dreiding_energy","Aromatic_bond_count","pH_4_msacc","a_zz_","Asymmetric_atom_count.1","Maximal_projection_area.1","N_no","Atom_count","pH_1_logd","Randic_index.1","pH_14_logd","pH_9_logd","Markush_library_size","Polar_surface_area","Aliphatic_atom_count.3","ASA+","pH_4_logd","Heteroaliphatic_ring_count.2","Hetero_ring_count.1","bpKa2","van_der_Waals_volume","molecular","Maximal_projection_area","pH_0_logd","Length_perpendicular_to_the_max_area","Stereoisomer_count","Aliphatic_bond_count.3","Length_perpendicular_to_the_min_area","Ring_atom_count.2","Ring_count_of_atom","Aliphatic_ring_count","pH_9_msacc","pH_6_logd","Mass","Hetero_ring_count.3","a_yy_","pH_2_msacc","pH_5_msacc","Chiral_center_count.1","Heteroaliphatic_ring_count.3","Hyper_wiener_index.1","Chain_atom_count","Carbo_ring_count","Wiener_index","Ring_count","C_no","Minimal_projection_area","Largest_ring_size.4","count","Aromatic_bond_count.1","Largest_ring_size.1","Minimal_projection_radius","Aromatic_atom_count.1","Atom_count.2","Aromatic_ring_count.1","Bond_count.3","Atom_count.1","Randic_index","Chain_atom_count.2","Heteroaliphatic_ring_count.1","pH_7_msdon","pH_2_logd","pH_9_msdon","Smallest_ring_size","Ring_atom_count.3","Bond_count.2","Minimal_projection_area.1","Maximal_projection_area.2","pH_12_msacc.1","Rotatable_bond_count.3","pH_6_msdon","Rotatable_bond_count","Largest_ring_system_size","ASA+.1","Aromatic_atom_count","Ring_bond_count.3","Platt_index.2","Wiener_polarity","pH_6_msdon.1","Chain_bond_count.1","count.1","Chain_bond_count","H_no","O_no","Aliphatic_atom_count","Aliphatic_bond_count","Aromatic_ring_count","Asymmetric_atom_count","Bond_count","Carboaromatic_ring_count","Cyclomatic_number","Fused_aliphatic_ring_count","Heteroaliphatic_ring_count","Hetero_ring_count","Largest_ring_size","Szeged_index","Refractivity","Ring_atom_count","Ring_system_count","Aliphatic_atom_count.1","Bond_count.1","Aliphatic_bond_count.1","Ring_count.1","Aliphatic_ring_count.1","Ring_atom_count.1","Ring_bond_count.1","Chain_atom_count.1","Aliphatic_atom_count.2","Aromatic_atom_count.2","Aliphatic_bond_count.2","Aromatic_bond_count.2","Rotatable_bond_count.2","Aromatic_ring_count.2","Hetero_ring_count.2","Ring_bond_count.2","Largest_ring_size.2","Ring_count.3","Aliphatic_ring_count.3","Chain_atom_count.3","Chain_bond_count.2","Largest_ring_size.3","Mass.1","a_xx_","a_yy_.1","ASA","ASA_H","ASA_P","Bond_count.4","Cyclomatic_number.1","Dreiding_energy.1","Fragment_count","Harary_index","Van_der_Waals_surface_area__3D_","Platt_index.1","Szeged_index.1","logP","acceptorcount","donorcount","pH_0_msacc","pH_1_msacc","pH_3_msacc","pH_7_msacc","pH_8_msacc","pH_10_msacc","pH_11_msacc","pH_12_msacc","pH_13_msacc","pH_14_msacc","pH_0_msdon","pH_1_msdon","pH_2_msdon","pH_3_msdon","pH_4_msdon","pH_5_msdon","pH_8_msdon","pH_10_msdon","pH_11_msdon","pH_12_msdon","pH_13_msdon","pH_14_msdon","Atom_count.3","Aliphatic_atom_count.4","Aromatic_atom_count.3","Bond_count.5","Aliphatic_bond_count.4","Aromatic_bond_count.3","Rotatable_bond_count.4","Ring_count.4","Aliphatic_ring_count.4","Heteroaliphatic_ring_count.4","Ring_atom_count.4","Ring_bond_count.4","Chain_atom_count.4","Chain_bond_count.3","Smallest_ring_size.1","Mass.2","molecular.1","a_xx_.1","a_yy_.2","a_zz_.1","a_yy_.3","ASA.1","ASA-.1","ASA_H.1","ASA_P.1","Polar_surface_area.1","Asymmetric_atom_count.2","Bond_count.6","Chiral_center_count.2","Cyclomatic_number.2","Dreiding_energy.2","Fragment_count.1","Harary_index.1","Hyper_wiener_index.2","Maximal_projection_radius.2","Minimal_projection_area.2","Minimal_projection_radius.2","Van_der_Waals_surface_area__3D_.1","Randic_index.2","Szeged_index.2","Wiener_index.1","Wiener_polarity.1","Stereoisomer_count.1","Markush_library_size.1","pH_0_logd.1","pH_1_logd.1","pH_2_logd.1","pH_3_logd.1","pH_4_logd.1","pH_5_logd.1","pH_6_logd.1","pH_7_logd.1","pH_8_logd.1","pH_9_logd.1","pH_10_logd.1","pH_11_logd.1","pH_12_logd.1","pH_13_logd.1","pH_14_logd.1","logP.1","bpKa1.1","bpKa2.1","acceptorcount.1","donorcount.1","pH_0_msacc.1","pH_1_msacc.1","pH_2_msacc.1","pH_3_msacc.1","pH_4_msacc.1","pH_5_msacc.1","pH_6_msacc.1","pH_7_msacc.1","pH_8_msacc.1","pH_9_msacc.1","pH_10_msacc.1","pH_11_msacc.1","pH_13_msacc.1","pH_14_msacc.1","pH_0_msdon.1","pH_1_msdon.1","pH_2_msdon.1","pH_3_msdon.1","pH_4_msdon.1","pH_5_msdon.1","pH_7_msdon.1","pH_8_msdon.1","pH_9_msdon.1","pH_11_msdon.1","pH_12_msdon.1","pH_13_msdon.1","pH_14_msdon.1"],[744577.75,124590.7734375,87874.046875,72939.8984375,61553.48046875,49425.6953125,44600.625,43693.09375,27547.73828125,24294.95703125,20890.083984375,19049.296875,17935.541015625,17443.517578125,16548.30078125,16465.1171875,15254.5556640625,14598.5966796875,13586.6572265625,11651.837890625,11121.1865234375,10747.6064453125,7749.48388671875,6998.791015625,6493.3154296875,6176.5166015625,6010.51513671875,5924.9267578125,5279.24951171875,5233.7958984375,4107.11572265625,3804.4619140625,3471.282958984375,3356.48876953125,3066.12890625,3003.944580078125,2923.19482421875,2871.84619140625,2861.5625,2715.671630859375,2515.47998046875,2233.705078125,2164.41162109375,2017.4490966796875,1857.675048828125,1691.079833984375,1680.2705078125,1513.3487548828125,1477.633544921875,1421.381103515625,1202.65869140625,1151.6224365234375,1110.6546630859375,993.5648803710938,982.6978149414062,946.8577270507812,902.0335693359375,895.9169921875,885.9219360351562,884.3883056640625,859.765625,786.9511108398438,774.9515380859375,774.7590942382812,763.7044067382812,763.349365234375,671.24267578125,648.7827758789062,630.79345703125,608.0057983398438,559.0835571289062,544.729248046875,502.15032958984375,465.6966857910156,459.86083984375,448.9640808105469,426.6861572265625,398.73223876953125,374.3779602050781,368.12054443359375,360.1995544433594,349.4552307128906,345.9068908691406,340.1929626464844,321.98822021484375,318.92938232421875,304.99908447265625,302.6768798828125,249.2081756591797,243.3936004638672,242.7103271484375,235.90809631347656,223.66043090820312,221.85342407226562,219.8648223876953,218.19320678710938,216.26963806152344,208.44155883789062,197.34988403320312,182.4480438232422,145.96095275878906,130.4332275390625,122.21517181396484,112.16044616699219,109.8468246459961,108.33600616455078,104.36539459228516,102.8917236328125,97.46675872802734,84.61699676513672,72.78855895996094,68.12820434570312,65.3111343383789,60.133052825927734,57.46395492553711,51.616546630859375,44.1209831237793,43.702308654785156,42.00016784667969,37.6010856628418,33.646568298339844,22.238107681274414,17.345685958862305,13.956180572509766,10.659066200256348,9.914443969726562,9.345677375793457,5.075237274169922,4.004166603088379,2.6767771244049072,1.017526388168335,0.0,0.0,0.0,0.0,0.0,0.0,0.0,0.0,0.0,0.0,0.0,0.0,0.0,0.0,0.0,0.0,0.0,0.0,0.0,0.0,0.0,0.0,0.0,0.0,0.0,0.0,0.0,0.0,0.0,0.0,0.0,0.0,0.0,0.0,0.0,0.0,0.0,0.0,0.0,0.0,0.0,0.0,0.0,0.0,0.0,0.0,0.0,0.0,0.0,0.0,0.0,0.0,0.0,0.0,0.0,0.0,0.0,0.0,0.0,0.0,0.0,0.0,0.0,0.0,0.0,0.0,0.0,0.0,0.0,0.0,0.0,0.0,0.0,0.0,0.0,0.0,0.0,0.0,0.0,0.0,0.0,0.0,0.0,0.0,0.0,0.0,0.0,0.0,0.0,0.0,0.0,0.0,0.0,0.0,0.0,0.0,0.0,0.0,0.0,0.0,0.0,0.0,0.0,0.0,0.0,0.0,0.0,0.0,0.0,0.0,0.0,0.0,0.0,0.0,0.0,0.0,0.0,0.0,0.0,0.0,0.0,0.0,0.0,0.0,0.0,0.0,0.0,0.0,0.0,0.0,0.0,0.0,0.0,0.0,0.0,0.0,0.0,0.0,0.0,0.0,0.0,0.0,0.0,0.0,0.0,0.0,0.0,0.0,0.0,0.0,0.0,0.0,0.0,0.0,0.0,0.0,0.0,0.0,0.0,0.0,0.0,0.0,0.0,0.0,0.0,0.0,0.0,0.0,0.0],[1.0,0.16733077699071722,0.11801863119734642,0.09796142637555312,0.082668976434966,0.06638083841815041,0.05990056108982574,0.05868170751812017,0.03699779946587176,0.03262917409397474,0.028056282885669092,0.025584026483466638,0.024088204375735105,0.02342739569927385,0.022225080968710117,0.022113361818158008,0.02048752553250819,0.01960654435307461,0.018247466065917897,0.01564892033185923,0.014936232681459391,0.014434498540028224,0.010407890763212774,0.00939967789210059,0.00872080240067273,0.00829532792453508,0.008072380804716162,0.007957431924083817,0.00709025956217299,0.007029213401068592,0.005516033379531217,0.005109556274092934,0.0046620825816838804,0.004507909039091283,0.004117943231919031,0.0040344270025234105,0.0039259766011256044,0.003857013174791014,0.003843201734137234,0.003647264010856321,0.0033783979986895256,0.0029999621639580287,0.0029068980655059195,0.002709521063018184,0.0024949376325415647,0.0022711930808896386,0.0022566756900975083,0.0020324925837265652,0.0019845255178816113,0.0019089760653143678,0.0016152224417211635,0.0015466785524056253,0.0014916570674935392,0.0013344004442398308,0.0013198055071366372,0.0012716707248514763,0.0012114699496942227,0.001203255123037856,0.0011898313319665492,0.0011877716002983737,0.0011547022792448472,0.0010569092493562208,0.0010407933061200626,0.001040534845740799,0.0010256879241130712,0.0010252110880755905,9.015078355232211E-4,8.713432222207906E-4,8.471827918995028E-4,8.165779844211619E-4,7.508733065538237E-4,7.315948509700632E-4,6.744095288770632E-4,6.254507145707961E-4,6.176129220135171E-4,6.029781051213885E-4,5.730578938553596E-4,5.355145769122584E-4,5.028057314431947E-4,4.94401752447738E-4,4.837635215977907E-4,4.693334318852405E-4,4.645678585871531E-4,4.5689380678711443E-4,4.3244405331054243E-4,4.28335902226757E-4,4.096269119949612E-4,4.065080911735712E-4,3.346973175859468E-4,3.268880925650373E-4,3.2597042706209996E-4,3.168347379618536E-4,3.003855956052986E-4,2.9795870756581916E-4,2.9528792982021733E-4,2.9304287804344056E-4,2.9045944236384105E-4,2.799459946767018E-4,2.650493975051002E-4,2.450355840249621E-4,1.9603184859981254E-4,1.751774445839437E-4,1.641402416523524E-4,1.5063631187876912E-4,1.4752901848866164E-4,1.4549992417118397E-4,1.4016722174720525E-4,1.3818801815231854E-4,1.3090205653879308E-4,1.136442725627199E-4,9.775817093642798E-5,9.149911388797628E-5,8.771566748855832E-5,8.076128090844473E-5,7.71765674243383E-5,6.932324613629587E-5,5.925638138364905E-5,5.869408353229083E-5,5.640803508657046E-5,5.0499878169663004E-5,4.51887909601648E-5,2.986673679313465E-5,2.329600361931619E-5,1.874375184124125E-5,1.4315585175968994E-5,1.3315525436700953E-5,1.2551647394504412E-5,6.81626233683443E-6,5.377768276165087E-6,3.595027012833659E-6,1.3665817816451471E-6,0.0,0.0,0.0,0.0,0.0,0.0,0.0,0.0,0.0,0.0,0.0,0.0,0.0,0.0,0.0,0.0,0.0,0.0,0.0,0.0,0.0,0.0,0.0,0.0,0.0,0.0,0.0,0.0,0.0,0.0,0.0,0.0,0.0,0.0,0.0,0.0,0.0,0.0,0.0,0.0,0.0,0.0,0.0,0.0,0.0,0.0,0.0,0.0,0.0,0.0,0.0,0.0,0.0,0.0,0.0,0.0,0.0,0.0,0.0,0.0,0.0,0.0,0.0,0.0,0.0,0.0,0.0,0.0,0.0,0.0,0.0,0.0,0.0,0.0,0.0,0.0,0.0,0.0,0.0,0.0,0.0,0.0,0.0,0.0,0.0,0.0,0.0,0.0,0.0,0.0,0.0,0.0,0.0,0.0,0.0,0.0,0.0,0.0,0.0,0.0,0.0,0.0,0.0,0.0,0.0,0.0,0.0,0.0,0.0,0.0,0.0,0.0,0.0,0.0,0.0,0.0,0.0,0.0,0.0,0.0,0.0,0.0,0.0,0.0,0.0,0.0,0.0,0.0,0.0,0.0,0.0,0.0,0.0,0.0,0.0,0.0,0.0,0.0,0.0,0.0,0.0,0.0,0.0,0.0,0.0,0.0,0.0,0.0,0.0,0.0,0.0,0.0,0.0,0.0,0.0,0.0,0.0,0.0,0.0,0.0,0.0,0.0,0.0,0.0,0.0,0.0,0.0,0.0,0.0],[0.4665587511988819,0.07806963834992763,0.055062625189635346,0.04570476075543928,0.03856993440838753,0.030970561075907024,0.027947130978181436,0.027378464177872187,0.01726164711590379,0.015223426717935763,0.013089904306420335,0.011936451446765316,0.011238562552166414,0.010930256481295265,0.010369306022055429,0.010317182474688838,0.00955863432760223,0.009147604848695982,0.00851351498025863,0.0073011407276430355,0.006968630067477621,0.006734541613017652,0.00485589251709893,0.00438550197901019,0.004068766677510081,0.0038702578372563,0.0037662399074501985,0.003712609501250662,0.0033080226470033613,0.0032795410263130077,0.0025735536451254332,0.002383908194421211,0.0021751354272964906,0.0021032044117965812,0.0019212624517920306,0.0018822972241003706,0.0018316987402571929,0.0017995232501881303,0.0017930794016844454,0.0017016629421977504,0.001576221151321387,0.0013996586008601533,0.0013562387313048874,0.001264150763508831,0.0011640349861576874,0.001059645007551411,0.0010528717918327686,9.482772016844551E-4,9.25897747345159E-4,8.906494891016267E-4,7.535961653178349E-4,7.21616413916463E-4,6.959456586267719E-4,6.225762048637688E-4,6.157668092350764E-4,5.933091053228817E-4,5.652219068443088E-4,5.613892075781991E-4,5.551262203796155E-4,5.541652345447068E-4,5.387364534109785E-4,4.93110259510186E-4,4.855912251595321E-4,4.854706382077484E-4,4.7854367699396805E-4,4.7832120496779445E-4,4.2060636993772105E-4,4.065328056249419E-4,3.9526054542581425E-4,3.8098160466803734E-4,3.503265122143272E-4,3.413319800521248E-4,3.146516675895089E-4,2.91809504326599E-4,2.8815271361891896E-4,2.813247117257031E-4,2.6736517532181803E-4,2.4984901225298087E-4,2.3458841415777728E-4,2.306674642125554E-4,2.2570410451223854E-4,2.1897161987626332E-4,2.167481999495609E-4,2.1316780392509934E-4,2.017605574759494E-4,1.9984386363656214E-4,1.9111502051782342E-4,1.896599073701826E-4,1.561559625225149E-4,1.5251250024892832E-4,1.5208435537785958E-4,1.4782201967990742E-4,1.4014752836374048E-4,1.3901524251074145E-4,1.3776916778102368E-4,1.3672171922767389E-4,1.3551639470319729E-4,1.3061125367949084E-4,1.236611159059956E-4,1.1432349608197499E-4,9.146037447793681E-5,8.173056978329613E-5,7.658106616680424E-5,7.028068955536383E-5,6.883095463166674E-5,6.788426292083962E-5,6.539624393739285E-5,6.447282917979416E-5,6.107350002810474E-5,5.3021729887767955E-5,4.560993015158667E-5,4.2689712311378485E-5,4.092451228403814E-5,3.767988236586608E-5,3.600740291931559E-5,3.234336714640292E-5,2.7646583298919974E-5,2.738423831558847E-5,2.6317662407573026E-5,2.356116009453365E-5,2.108322587856181E-5,1.3934587420590601E-5,1.0868954356552795E-5,8.74506145183126E-6,6.6790615423813204E-6,6.212474919304143E-6,5.856080933868678E-6,3.180186843717444E-6,2.509044851164547E-6,1.677291313633919E-6,6.37590689455503E-7,0.0,0.0,0.0,0.0,0.0,0.0,0.0,0.0,0.0,0.0,0.0,0.0,0.0,0.0,0.0,0.0,0.0,0.0,0.0,0.0,0.0,0.0,0.0,0.0,0.0,0.0,0.0,0.0,0.0,0.0,0.0,0.0,0.0,0.0,0.0,0.0,0.0,0.0,0.0,0.0,0.0,0.0,0.0,0.0,0.0,0.0,0.0,0.0,0.0,0.0,0.0,0.0,0.0,0.0,0.0,0.0,0.0,0.0,0.0,0.0,0.0,0.0,0.0,0.0,0.0,0.0,0.0,0.0,0.0,0.0,0.0,0.0,0.0,0.0,0.0,0.0,0.0,0.0,0.0,0.0,0.0,0.0,0.0,0.0,0.0,0.0,0.0,0.0,0.0,0.0,0.0,0.0,0.0,0.0,0.0,0.0,0.0,0.0,0.0,0.0,0.0,0.0,0.0,0.0,0.0,0.0,0.0,0.0,0.0,0.0,0.0,0.0,0.0,0.0,0.0,0.0,0.0,0.0,0.0,0.0,0.0,0.0,0.0,0.0,0.0,0.0,0.0,0.0,0.0,0.0,0.0,0.0,0.0,0.0,0.0,0.0,0.0,0.0,0.0,0.0,0.0,0.0,0.0,0.0,0.0,0.0,0.0,0.0,0.0,0.0,0.0,0.0,0.0,0.0,0.0,0.0,0.0,0.0,0.0,0.0,0.0,0.0,0.0,0.0,0.0,0.0,0.0,0.0,0.0]]},"init_f":51.286439999999956},"compatible_frames":null}
