{"__meta":{"schema_version":3,"schema_name":"DRFModelV3","schema_type":"DRFModel"},"model_id":{"__meta":{"schema_version":3,"schema_name":"ModelKeyV3","schema_type":"Key<Model>"},"name":"DRF_1_AutoML_20210217_124248","type":"Key<Model>","URL":"/3/Models/DRF_1_AutoML_20210217_124248"},"algo":"drf","algo_full_name":"Distributed Random Forest","response_column_name":"Q_perc","data_frame":{"__meta":{"schema_version":3,"schema_name":"FrameKeyV3","schema_type":"Key<Frame>"},"name":"automl_training_Key_Frame__upload_8857ef1a3e7496a75c7eeab65eac48d5.hex","type":"Key<Frame>","URL":"/3/Frames/automl_training_Key_Frame__upload_8857ef1a3e7496a75c7eeab65eac48d5.hex"},"timestamp":1613562191554,"have_pojo":true,"have_mojo":true,"algo":"drf","algo_full_name":"Distributed Random Forest","model_id":{"__meta":{"schema_version":3,"schema_name":"ModelKeyV3","schema_type":"Key<Model>"},"name":"DRF_1_AutoML_20210217_124248","type":"Key<Model>","URL":"/3/Models/DRF_1_AutoML_20210217_124248"},"parameters":[{"__meta":{"schema_version":3,"schema_name":"ModelParameterSchemaV3","schema_type":"Iced"},"name":"model_id","label":"model_id","help":"Destination id for this model; auto-generated if not specified.","required":false,"type":"Key<Model>","default_value":null,"actual_value":{"__meta":{"schema_version":3,"schema_name":"ModelKeyV3","schema_type":"Key<Model>"},"name":"DRF_1_AutoML_20210217_124248","type":"Key<Model>","URL":"/3/Models/DRF_1_AutoML_20210217_124248"},"input_value":null,"level":"critical","values":[],"is_member_of_frames":[],"is_mutually_exclusive_with":[],"gridable":false},{"__meta":{"schema_version":3,"schema_name":"ModelParameterSchemaV3","schema_type":"Iced"},"name":"training_frame","label":"training_frame","help":"Id of the training data frame.","required":false,"type":"Key<Frame>","default_value":null,"actual_value":{"__meta":{"schema_version":3,"schema_name":"FrameKeyV3","schema_type":"Key<Frame>"},"name":"automl_training_Key_Frame__upload_8857ef1a3e7496a75c7eeab65eac48d5.hex","type":"Key<Frame>","URL":"/3/Frames/automl_training_Key_Frame__upload_8857ef1a3e7496a75c7eeab65eac48d5.hex"},"input_value":{"__meta":{"schema_version":3,"schema_name":"FrameKeyV3","schema_type":"Key<Frame>"},"name":"automl_training_Key_Frame__upload_8857ef1a3e7496a75c7eeab65eac48d5.hex","type":"Key<Frame>","URL":"/3/Frames/automl_training_Key_Frame__upload_8857ef1a3e7496a75c7eeab65eac48d5.hex"},"level":"critical","values":[],"is_member_of_frames":[],"is_mutually_exclusive_with":[],"gridable":false},{"__meta":{"schema_version":3,"schema_name":"ModelParameterSchemaV3","schema_type":"Iced"},"name":"validation_frame","label":"validation_frame","help":"Id of the validation data frame.","required":false,"type":"Key<Frame>","default_value":null,"actual_value":null,"input_value":null,"level":"critical","values":[],"is_member_of_frames":[],"is_mutually_exclusive_with":[],"gridable":true},{"__meta":{"schema_version":3,"schema_name":"ModelParameterSchemaV3","schema_type":"Iced"},"name":"nfolds","label":"nfolds","help":"Number of folds for K-fold cross-validation (0 to disable or >= 2).","required":false,"type":"int","default_value":0,"actual_value":5,"input_value":5,"level":"critical","values":[],"is_member_of_frames":[],"is_mutually_exclusive_with":[],"gridable":false},{"__meta":{"schema_version":3,"schema_name":"ModelParameterSchemaV3","schema_type":"Iced"},"name":"keep_cross_validation_models","label":"keep_cross_validation_models","help":"Whether to keep the cross-validation models.","required":false,"type":"boolean","default_value":true,"actual_value":true,"input_value":true,"level":"expert","values":[],"is_member_of_frames":[],"is_mutually_exclusive_with":[],"gridable":false},{"__meta":{"schema_version":3,"schema_name":"ModelParameterSchemaV3","schema_type":"Iced"},"name":"keep_cross_validation_predictions","label":"keep_cross_validation_predictions","help":"Whether to keep the predictions of the cross-validation models.","required":false,"type":"boolean","default_value":false,"actual_value":true,"input_value":true,"level":"expert","values":[],"is_member_of_frames":[],"is_mutually_exclusive_with":[],"gridable":false},{"__meta":{"schema_version":3,"schema_name":"ModelParameterSchemaV3","schema_type":"Iced"},"name":"keep_cross_validation_fold_assignment","label":"keep_cross_validation_fold_assignment","help":"Whether to keep the cross-validation fold assignment.","required":false,"type":"boolean","default_value":false,"actual_value":true,"input_value":true,"level":"expert","values":[],"is_member_of_frames":[],"is_mutually_exclusive_with":[],"gridable":false},{"__meta":{"schema_version":3,"schema_name":"ModelParameterSchemaV3","schema_type":"Iced"},"name":"score_each_iteration","label":"score_each_iteration","help":"Whether to score during each iteration of model training.","required":false,"type":"boolean","default_value":false,"actual_value":false,"input_value":false,"level":"secondary","values":[],"is_member_of_frames":[],"is_mutually_exclusive_with":[],"gridable":false},{"__meta":{"schema_version":3,"schema_name":"ModelParameterSchemaV3","schema_type":"Iced"},"name":"score_tree_interval","label":"score_tree_interval","help":"Score the model after every so many trees. Disabled if set to 0.","required":false,"type":"int","default_value":0,"actual_value":5,"input_value":5,"level":"secondary","values":[],"is_member_of_frames":[],"is_mutually_exclusive_with":[],"gridable":false},{"__meta":{"schema_version":3,"schema_name":"ModelParameterSchemaV3","schema_type":"Iced"},"name":"fold_assignment","label":"fold_assignment","help":"Cross-validation fold assignment scheme, if fold_column is not specified. The 'Stratified' option will stratify the folds based on the response variable, for classification problems.","required":false,"type":"enum","default_value":"AUTO","actual_value":"Modulo","input_value":"Modulo","level":"secondary","values":["AUTO","Random","Modulo","Stratified"],"is_member_of_frames":[],"is_mutually_exclusive_with":[],"gridable":true},{"__meta":{"schema_version":3,"schema_name":"ModelParameterSchemaV3","schema_type":"Iced"},"name":"fold_column","label":"fold_column","help":"Column with cross-validation fold index assignment per observation.","required":false,"type":"VecSpecifier","default_value":null,"actual_value":null,"input_value":null,"level":"secondary","values":[],"is_member_of_frames":["training_frame"],"is_mutually_exclusive_with":["response_column","weights_column","ignored_columns","offset_column"],"gridable":true},{"__meta":{"schema_version":3,"schema_name":"ModelParameterSchemaV3","schema_type":"Iced"},"name":"response_column","label":"response_column","help":"Response variable column.","required":false,"type":"VecSpecifier","default_value":null,"actual_value":{"__meta":{"schema_version":3,"schema_name":"ColSpecifierV3","schema_type":"VecSpecifier"},"column_name":"Q_perc","is_member_of_frames":null},"input_value":{"__meta":{"schema_version":3,"schema_name":"ColSpecifierV3","schema_type":"VecSpecifier"},"column_name":"Q_perc","is_member_of_frames":null},"level":"critical","values":[],"is_member_of_frames":["training_frame","validation_frame"],"is_mutually_exclusive_with":["weights_column","ignored_columns","offset_column","fold_column"],"gridable":true},{"__meta":{"schema_version":3,"schema_name":"ModelParameterSchemaV3","schema_type":"Iced"},"name":"ignored_columns","label":"ignored_columns","help":"Names of columns to ignore for training.","required":false,"type":"string[]","default_value":null,"actual_value":null,"input_value":null,"level":"critical","values":[],"is_member_of_frames":["training_frame","validation_frame"],"is_mutually_exclusive_with":["response_column","weights_column","offset_column","fold_column"],"gridable":false},{"__meta":{"schema_version":3,"schema_name":"ModelParameterSchemaV3","schema_type":"Iced"},"name":"ignore_const_cols","label":"ignore_const_cols","help":"Ignore constant columns.","required":false,"type":"boolean","default_value":true,"actual_value":true,"input_value":true,"level":"critical","values":[],"is_member_of_frames":[],"is_mutually_exclusive_with":[],"gridable":false},{"__meta":{"schema_version":3,"schema_name":"ModelParameterSchemaV3","schema_type":"Iced"},"name":"offset_column","label":"offset_column","help":"Offset column. This will be added to the combination of columns before applying the link function.","required":false,"type":"VecSpecifier","default_value":null,"actual_value":null,"input_value":null,"level":"secondary","values":[],"is_member_of_frames":["training_frame","validation_frame"],"is_mutually_exclusive_with":["response_column","weights_column","ignored_columns","fold_column"],"gridable":true},{"__meta":{"schema_version":3,"schema_name":"ModelParameterSchemaV3","schema_type":"Iced"},"name":"weights_column","label":"weights_column","help":"Column with observation weights. Giving some observation a weight of zero is equivalent to excluding it from the dataset; giving an observation a relative weight of 2 is equivalent to repeating that row twice. Negative weights are not allowed. Note: Weights are per-row observation weights and do not increase the size of the data frame. This is typically the number of times a row is repeated, but non-integer values are supported as well. During training, rows with higher weights matter more, due to the larger loss function pre-factor.","required":false,"type":"VecSpecifier","default_value":null,"actual_value":null,"input_value":null,"level":"secondary","values":[],"is_member_of_frames":["training_frame","validation_frame"],"is_mutually_exclusive_with":["response_column","ignored_columns","offset_column","fold_column"],"gridable":true},{"__meta":{"schema_version":3,"schema_name":"ModelParameterSchemaV3","schema_type":"Iced"},"name":"balance_classes","label":"balance_classes","help":"Balance training data class counts via over/under-sampling (for imbalanced data).","required":false,"type":"boolean","default_value":false,"actual_value":false,"input_value":false,"level":"secondary","values":[],"is_member_of_frames":[],"is_mutually_exclusive_with":[],"gridable":true},{"__meta":{"schema_version":3,"schema_name":"ModelParameterSchemaV3","schema_type":"Iced"},"name":"class_sampling_factors","label":"class_sampling_factors","help":"Desired over/under-sampling ratios per class (in lexicographic order). If not specified, sampling factors will be automatically computed to obtain class balance during training. Requires balance_classes.","required":false,"type":"float[]","default_value":null,"actual_value":null,"input_value":null,"level":"expert","values":[],"is_member_of_frames":[],"is_mutually_exclusive_with":[],"gridable":true},{"__meta":{"schema_version":3,"schema_name":"ModelParameterSchemaV3","schema_type":"Iced"},"name":"max_after_balance_size","label":"max_after_balance_size","help":"Maximum relative size of the training data after balancing class counts (can be less than 1.0). Requires balance_classes.","required":false,"type":"float","default_value":5.0,"actual_value":5.0,"input_value":5.0,"level":"expert","values":[],"is_member_of_frames":[],"is_mutually_exclusive_with":[],"gridable":true},{"__meta":{"schema_version":3,"schema_name":"ModelParameterSchemaV3","schema_type":"Iced"},"name":"max_confusion_matrix_size","label":"max_confusion_matrix_size","help":"[Deprecated] Maximum size (# classes) for confusion matrices to be printed in the Logs","required":false,"type":"int","default_value":20,"actual_value":20,"input_value":20,"level":"secondary","values":[],"is_member_of_frames":[],"is_mutually_exclusive_with":[],"gridable":false},{"__meta":{"schema_version":3,"schema_name":"ModelParameterSchemaV3","schema_type":"Iced"},"name":"ntrees","label":"ntrees","help":"Number of trees.","required":false,"type":"int","default_value":50,"actual_value":39,"input_value":50,"level":"critical","values":[],"is_member_of_frames":[],"is_mutually_exclusive_with":[],"gridable":true},{"__meta":{"schema_version":3,"schema_name":"ModelParameterSchemaV3","schema_type":"Iced"},"name":"max_depth","label":"max_depth","help":"Maximum tree depth (0 for unlimited).","required":false,"type":"int","default_value":20,"actual_value":20,"input_value":20,"level":"critical","values":[],"is_member_of_frames":[],"is_mutually_exclusive_with":[],"gridable":true},{"__meta":{"schema_version":3,"schema_name":"ModelParameterSchemaV3","schema_type":"Iced"},"name":"min_rows","label":"min_rows","help":"Fewest allowed (weighted) observations in a leaf.","required":false,"type":"double","default_value":1.0,"actual_value":1.0,"input_value":1.0,"level":"critical","values":[],"is_member_of_frames":[],"is_mutually_exclusive_with":[],"gridable":true},{"__meta":{"schema_version":3,"schema_name":"ModelParameterSchemaV3","schema_type":"Iced"},"name":"nbins","label":"nbins","help":"For numerical columns (real/int), build a histogram of (at least) this many bins, then split at the best point","required":false,"type":"int","default_value":20,"actual_value":20,"input_value":20,"level":"critical","values":[],"is_member_of_frames":[],"is_mutually_exclusive_with":[],"gridable":true},{"__meta":{"schema_version":3,"schema_name":"ModelParameterSchemaV3","schema_type":"Iced"},"name":"nbins_top_level","label":"nbins_top_level","help":"For numerical columns (real/int), build a histogram of (at most) this many bins at the root level, then decrease by factor of two per level","required":false,"type":"int","default_value":1024,"actual_value":1024,"input_value":1024,"level":"secondary","values":[],"is_member_of_frames":[],"is_mutually_exclusive_with":[],"gridable":true},{"__meta":{"schema_version":3,"schema_name":"ModelParameterSchemaV3","schema_type":"Iced"},"name":"nbins_cats","label":"nbins_cats","help":"For categorical columns (factors), build a histogram of this many bins, then split at the best point. Higher values can lead to more overfitting.","required":false,"type":"int","default_value":1024,"actual_value":1024,"input_value":1024,"level":"secondary","values":[],"is_member_of_frames":[],"is_mutually_exclusive_with":[],"gridable":true},{"__meta":{"schema_version":3,"schema_name":"ModelParameterSchemaV3","schema_type":"Iced"},"name":"r2_stopping","label":"r2_stopping","help":"r2_stopping is no longer supported and will be ignored if set - please use stopping_rounds, stopping_metric and stopping_tolerance instead. Previous version of H2O would stop making trees when the R^2 metric equals or exceeds this","required":false,"type":"double","default_value":1.7976931348623157E308,"actual_value":1.7976931348623157E308,"input_value":1.7976931348623157E308,"level":"secondary","values":[],"is_member_of_frames":[],"is_mutually_exclusive_with":[],"gridable":true},{"__meta":{"schema_version":3,"schema_name":"ModelParameterSchemaV3","schema_type":"Iced"},"name":"stopping_rounds","label":"stopping_rounds","help":"Early stopping based on convergence of stopping_metric. Stop if simple moving average of length k of the stopping_metric does not improve for k:=stopping_rounds scoring events (0 to disable)","required":false,"type":"int","default_value":0,"actual_value":0,"input_value":3,"level":"secondary","values":[],"is_member_of_frames":[],"is_mutually_exclusive_with":[],"gridable":true},{"__meta":{"schema_version":3,"schema_name":"ModelParameterSchemaV3","schema_type":"Iced"},"name":"stopping_metric","label":"stopping_metric","help":"Metric to use for early stopping (AUTO: logloss for classification, deviance for regression and anonomaly_score for Isolation Forest). Note that custom and custom_increasing can only be used in GBM and DRF with the Python client.","required":false,"type":"enum","default_value":"AUTO","actual_value":"RMSE","input_value":"RMSE","level":"secondary","values":["AUTO","deviance","logloss","MSE","RMSE","MAE","RMSLE","AUC","AUCPR","lift_top_group","misclassification","mean_per_class_error","anomaly_score","custom","custom_increasing"],"is_member_of_frames":[],"is_mutually_exclusive_with":[],"gridable":true},{"__meta":{"schema_version":3,"schema_name":"ModelParameterSchemaV3","schema_type":"Iced"},"name":"stopping_tolerance","label":"stopping_tolerance","help":"Relative tolerance for metric-based stopping criterion (stop if relative improvement is not at least this much)","required":false,"type":"double","default_value":0.001,"actual_value":0.04588314677411235,"input_value":0.04588314677411235,"level":"secondary","values":[],"is_member_of_frames":[],"is_mutually_exclusive_with":[],"gridable":true},{"__meta":{"schema_version":3,"schema_name":"ModelParameterSchemaV3","schema_type":"Iced"},"name":"max_runtime_secs","label":"max_runtime_secs","help":"Maximum allowed runtime in seconds for model training. Use 0 to disable.","required":false,"type":"double","default_value":0.0,"actual_value":0.0,"input_value":8.5749091796875,"level":"secondary","values":[],"is_member_of_frames":[],"is_mutually_exclusive_with":[],"gridable":true},{"__meta":{"schema_version":3,"schema_name":"ModelParameterSchemaV3","schema_type":"Iced"},"name":"seed","label":"seed","help":"Seed for pseudo random number generator (if applicable)","required":false,"type":"long","default_value":-1,"actual_value":73080703,"input_value":73080703,"level":"critical","values":[],"is_member_of_frames":[],"is_mutually_exclusive_with":[],"gridable":true},{"__meta":{"schema_version":3,"schema_name":"ModelParameterSchemaV3","schema_type":"Iced"},"name":"build_tree_one_node","label":"build_tree_one_node","help":"Run on one node only; no network overhead but fewer cpus used. Suitable for small datasets.","required":false,"type":"boolean","default_value":false,"actual_value":false,"input_value":false,"level":"expert","values":[],"is_member_of_frames":[],"is_mutually_exclusive_with":[],"gridable":false},{"__meta":{"schema_version":3,"schema_name":"ModelParameterSchemaV3","schema_type":"Iced"},"name":"mtries","label":"mtries","help":"Number of variables randomly sampled as candidates at each split. If set to -1, defaults to sqrt{p} for classification and p/3 for regression (where p is the # of predictors","required":false,"type":"int","default_value":-1,"actual_value":-1,"input_value":-1,"level":"critical","values":[],"is_member_of_frames":[],"is_mutually_exclusive_with":[],"gridable":true},{"__meta":{"schema_version":3,"schema_name":"ModelParameterSchemaV3","schema_type":"Iced"},"name":"sample_rate","label":"sample_rate","help":"Row sample rate per tree (from 0.0 to 1.0)","required":false,"type":"double","default_value":0.632,"actual_value":0.632,"input_value":0.632,"level":"critical","values":[],"is_member_of_frames":[],"is_mutually_exclusive_with":[],"gridable":true},{"__meta":{"schema_version":3,"schema_name":"ModelParameterSchemaV3","schema_type":"Iced"},"name":"sample_rate_per_class","label":"sample_rate_per_class","help":"A list of row sample rates per class (relative fraction for each class, from 0.0 to 1.0), for each tree","required":false,"type":"double[]","default_value":null,"actual_value":null,"input_value":null,"level":"expert","values":[],"is_member_of_frames":[],"is_mutually_exclusive_with":[],"gridable":true},{"__meta":{"schema_version":3,"schema_name":"ModelParameterSchemaV3","schema_type":"Iced"},"name":"binomial_double_trees","label":"binomial_double_trees","help":"For binary classification: Build 2x as many trees (one per class) - can lead to higher accuracy.","required":false,"type":"boolean","default_value":false,"actual_value":false,"input_value":false,"level":"expert","values":[],"is_member_of_frames":[],"is_mutually_exclusive_with":[],"gridable":false},{"__meta":{"schema_version":3,"schema_name":"ModelParameterSchemaV3","schema_type":"Iced"},"name":"checkpoint","label":"checkpoint","help":"Model checkpoint to resume training with.","required":false,"type":"Key<Model>","default_value":null,"actual_value":null,"input_value":null,"level":"secondary","values":[],"is_member_of_frames":[],"is_mutually_exclusive_with":[],"gridable":false},{"__meta":{"schema_version":3,"schema_name":"ModelParameterSchemaV3","schema_type":"Iced"},"name":"col_sample_rate_change_per_level","label":"col_sample_rate_change_per_level","help":"Relative change of the column sampling rate for every level (must be > 0.0 and <= 2.0)","required":false,"type":"double","default_value":1.0,"actual_value":1.0,"input_value":1.0,"level":"expert","values":[],"is_member_of_frames":[],"is_mutually_exclusive_with":[],"gridable":true},{"__meta":{"schema_version":3,"schema_name":"ModelParameterSchemaV3","schema_type":"Iced"},"name":"col_sample_rate_per_tree","label":"col_sample_rate_per_tree","help":"Column sample rate per tree (from 0.0 to 1.0)","required":false,"type":"double","default_value":1.0,"actual_value":1.0,"input_value":1.0,"level":"secondary","values":[],"is_member_of_frames":[],"is_mutually_exclusive_with":[],"gridable":true},{"__meta":{"schema_version":3,"schema_name":"ModelParameterSchemaV3","schema_type":"Iced"},"name":"min_split_improvement","label":"min_split_improvement","help":"Minimum relative improvement in squared error reduction for a split to happen","required":false,"type":"double","default_value":1.0E-5,"actual_value":1.0E-5,"input_value":1.0E-5,"level":"secondary","values":[],"is_member_of_frames":[],"is_mutually_exclusive_with":[],"gridable":true},{"__meta":{"schema_version":3,"schema_name":"ModelParameterSchemaV3","schema_type":"Iced"},"name":"histogram_type","label":"histogram_type","help":"What type of histogram to use for finding optimal split points","required":false,"type":"enum","default_value":"AUTO","actual_value":"UniformAdaptive","input_value":"AUTO","level":"secondary","values":["AUTO","UniformAdaptive","Random","QuantilesGlobal","RoundRobin"],"is_member_of_frames":[],"is_mutually_exclusive_with":[],"gridable":true},{"__meta":{"schema_version":3,"schema_name":"ModelParameterSchemaV3","schema_type":"Iced"},"name":"categorical_encoding","label":"categorical_encoding","help":"Encoding scheme for categorical features","required":false,"type":"enum","default_value":"AUTO","actual_value":"Enum","input_value":"AUTO","level":"secondary","values":["AUTO","Enum","OneHotInternal","OneHotExplicit","Binary","Eigen","LabelEncoder","SortByResponse","EnumLimited"],"is_member_of_frames":[],"is_mutually_exclusive_with":[],"gridable":true},{"__meta":{"schema_version":3,"schema_name":"ModelParameterSchemaV3","schema_type":"Iced"},"name":"calibrate_model","label":"calibrate_model","help":"Use Platt Scaling to calculate calibrated class probabilities. Calibration can provide more accurate estimates of class probabilities.","required":false,"type":"boolean","default_value":false,"actual_value":false,"input_value":false,"level":"expert","values":[],"is_member_of_frames":[],"is_mutually_exclusive_with":[],"gridable":false},{"__meta":{"schema_version":3,"schema_name":"ModelParameterSchemaV3","schema_type":"Iced"},"name":"calibration_frame","label":"calibration_frame","help":"Calibration frame for Platt Scaling","required":false,"type":"Key<Frame>","default_value":null,"actual_value":null,"input_value":null,"level":"expert","values":[],"is_member_of_frames":[],"is_mutually_exclusive_with":[],"gridable":false},{"__meta":{"schema_version":3,"schema_name":"ModelParameterSchemaV3","schema_type":"Iced"},"name":"distribution","label":"distribution","help":"Distribution function","required":false,"type":"enum","default_value":"AUTO","actual_value":"gaussian","input_value":"gaussian","level":"secondary","values":["AUTO","bernoulli","quasibinomial","ordinal","multinomial","gaussian","poisson","gamma","tweedie","laplace","quantile","huber","custom"],"is_member_of_frames":[],"is_mutually_exclusive_with":[],"gridable":true},{"__meta":{"schema_version":3,"schema_name":"ModelParameterSchemaV3","schema_type":"Iced"},"name":"custom_metric_func","label":"custom_metric_func","help":"Reference to custom evaluation function, format: `language:keyName=funcName`","required":false,"type":"string","default_value":null,"actual_value":null,"input_value":null,"level":"secondary","values":[],"is_member_of_frames":[],"is_mutually_exclusive_with":[],"gridable":false},{"__meta":{"schema_version":3,"schema_name":"ModelParameterSchemaV3","schema_type":"Iced"},"name":"export_checkpoints_dir","label":"export_checkpoints_dir","help":"Automatically export generated models to this directory.","required":false,"type":"string","default_value":null,"actual_value":"/home/kuba/Documents/NETS/FOR_GRID_PACKAGES/h2o_AutoML_v16_2/h2o_AutoML_Python-master/export","input_value":"/home/kuba/Documents/NETS/FOR_GRID_PACKAGES/h2o_AutoML_v16_2/h2o_AutoML_Python-master/export","level":"secondary","values":[],"is_member_of_frames":[],"is_mutually_exclusive_with":[],"gridable":false},{"__meta":{"schema_version":3,"schema_name":"ModelParameterSchemaV3","schema_type":"Iced"},"name":"check_constant_response","label":"check_constant_response","help":"Check if response column is constant. If enabled, then an exception is thrown if the response column is a constant value.If disabled, then model will train regardless of the response column being a constant value or not.","required":false,"type":"boolean","default_value":true,"actual_value":true,"input_value":true,"level":"expert","values":[],"is_member_of_frames":[],"is_mutually_exclusive_with":[],"gridable":false},{"__meta":{"schema_version":3,"schema_name":"ModelParameterSchemaV3","schema_type":"Iced"},"name":"gainslift_bins","label":"gainslift_bins","help":"Gains/Lift table number of bins. 0 means disabled.. Default value -1 means automatic binning.","required":false,"type":"int","default_value":-1,"actual_value":-1,"input_value":-1,"level":"secondary","values":[],"is_member_of_frames":[],"is_mutually_exclusive_with":[],"gridable":false}],"output":{"__meta":{"schema_version":3,"schema_name":"DRFModelOutputV3","schema_type":"DRFOutput"},"names":["C_no","H_no","N_no","O_no","S_no","Aliphatic_atom_count","Aliphatic_bond_count","Aliphatic_ring_count","Aromatic_atom_count","Aromatic_bond_count","Aromatic_ring_count","Asymmetric_atom_count","Bond_count","Carboaromatic_ring_count","Carbo_ring_count","Chain_atom_count","Chiral_center_count","Cyclomatic_number","Balaban_index","Dreiding_energy","Fused_aliphatic_ring_count","Fused_aromatic_ring_count","Fused_ring_count","Heteroaliphatic_ring_count","Heteroaromatic_ring_count","Hetero_ring_count","Hyper_wiener_index","Largest_ring_size","Largest_ring_system_size","Mass","Maximal_projection_area","Maximal_projection_radius","Length_perpendicular_to_the_max_area","Minimal_projection_area","Minimal_projection_radius","Length_perpendicular_to_the_min_area","Platt_index","Randic_index","Szeged_index","Refractivity","Ring_atom_count","Ring_bond_count","Ring_count","Ring_count_of_atom","Ring_system_count","Rotatable_bond_count","Atom_count","Aliphatic_atom_count.1","Aromatic_atom_count.1","Bond_count.1","Aliphatic_bond_count.1","Aromatic_bond_count.1","Rotatable_bond_count.1","Ring_count.1","Aliphatic_ring_count.1","Aromatic_ring_count.1","Hetero_ring_count.1","Heteroaliphatic_ring_count.1","Heteroaromatic_ring_count.1","Ring_atom_count.1","Ring_bond_count.1","Chain_atom_count.1","Chain_bond_count","Largest_ring_size.1","Atom_count.1","Aliphatic_atom_count.2","Aromatic_atom_count.2","Bond_count.2","Aliphatic_bond_count.2","Aromatic_bond_count.2","Rotatable_bond_count.2","Ring_count.2","Aliphatic_ring_count.2","Aromatic_ring_count.2","Hetero_ring_count.2","Heteroaliphatic_ring_count.2","Heteroaromatic_ring_count.2","Ring_atom_count.2","Ring_bond_count.2","Chain_atom_count.2","Chain_bond_count.1","Largest_ring_size.2","van_der_Waals_volume","pI","Quaternary_structure","PLGA_visc","PLGA_Mw","La_to_Gly","PVA_conc_inner_phase","PVA_conc_outer_phase","PVA_Mw","Inner_phase_volume","Encaps_rate","Mean_part_size","Block_polymer","PLGA_conc","PLGA_to_Placticizer","diss_pH","diss_add","diss_add_conc","Prod_method","Atom_count.2","Aliphatic_atom_count.3","Bond_count.3","Aliphatic_bond_count.3","Rotatable_bond_count.3","Ring_count.3","Aliphatic_ring_count.3","Hetero_ring_count.3","Heteroaliphatic_ring_count.3","Ring_atom_count.3","Ring_bond_count.3","Chain_atom_count.3","Chain_bond_count.2","Smallest_ring_size","Largest_ring_size.3","Mass.1","molecular","a_xx_","a_yy_","a_zz_","a_yy_.1","ASA","ASA+","ASA-","ASA_H","ASA_P","Polar_surface_area","Asymmetric_atom_count.1","Bond_count.4","Chiral_center_count.1","Cyclomatic_number.1","Dreiding_energy.1","Fragment_count","Harary_index","Hyper_wiener_index.1","Maximal_projection_area.1","Maximal_projection_radius.1","Minimal_projection_area.1","Minimal_projection_radius.1","Van_der_Waals_surface_area__3D_","Platt_index.1","Randic_index.1","Szeged_index.1","Wiener_index","Wiener_polarity","Stereoisomer_count","count","Markush_library_size","pH_0_logd","pH_1_logd","pH_2_logd","pH_3_logd","pH_4_logd","pH_5_logd","pH_6_logd","pH_7_logd","pH_8_logd","pH_9_logd","pH_10_logd","pH_11_logd","pH_12_logd","pH_13_logd","pH_14_logd","logP","bpKa1","bpKa2","acceptorcount","donorcount","pH_0_msacc","pH_1_msacc","pH_2_msacc","pH_3_msacc","pH_4_msacc","pH_5_msacc","pH_6_msacc","pH_7_msacc","pH_8_msacc","pH_9_msacc","pH_10_msacc","pH_11_msacc","pH_12_msacc","pH_13_msacc","pH_14_msacc","pH_0_msdon","pH_1_msdon","pH_2_msdon","pH_3_msdon","pH_4_msdon","pH_5_msdon","pH_6_msdon","pH_7_msdon","pH_8_msdon","pH_9_msdon","pH_10_msdon","pH_11_msdon","pH_12_msdon","pH_13_msdon","pH_14_msdon","Atom_count.3","Aliphatic_atom_count.4","Aromatic_atom_count.3","Bond_count.5","Aliphatic_bond_count.4","Aromatic_bond_count.3","Rotatable_bond_count.4","Ring_count.4","Aliphatic_ring_count.4","Hetero_ring_count.4","Heteroaliphatic_ring_count.4","Ring_atom_count.4","Ring_bond_count.4","Chain_atom_count.4","Chain_bond_count.3","Smallest_ring_size.1","Largest_ring_size.4","Mass.2","molecular.1","a_xx_.1","a_yy_.2","a_zz_.1","a_yy_.3","ASA.1","ASA+.1","ASA-.1","ASA_H.1","ASA_P.1","Polar_surface_area.1","Asymmetric_atom_count.2","Bond_count.6","Chiral_center_count.2","Cyclomatic_number.2","Dreiding_energy.2","Fragment_count.1","Harary_index.1","Hyper_wiener_index.2","Maximal_projection_area.2","Maximal_projection_radius.2","Minimal_projection_area.2","Minimal_projection_radius.2","Van_der_Waals_surface_area__3D_.1","Platt_index.2","Randic_index.2","Szeged_index.2","Wiener_index.1","Wiener_polarity.1","Stereoisomer_count.1","count.1","Markush_library_size.1","pH_0_logd.1","pH_1_logd.1","pH_2_logd.1","pH_3_logd.1","pH_4_logd.1","pH_5_logd.1","pH_6_logd.1","pH_7_logd.1","pH_8_logd.1","pH_9_logd.1","pH_10_logd.1","pH_11_logd.1","pH_12_logd.1","pH_13_logd.1","pH_14_logd.1","logP.1","bpKa1.1","bpKa2.1","acceptorcount.1","donorcount.1","pH_0_msacc.1","pH_1_msacc.1","pH_2_msacc.1","pH_3_msacc.1","pH_4_msacc.1","pH_5_msacc.1","pH_6_msacc.1","pH_7_msacc.1","pH_8_msacc.1","pH_9_msacc.1","pH_10_msacc.1","pH_11_msacc.1","pH_12_msacc.1","pH_13_msacc.1","pH_14_msacc.1","pH_0_msdon.1","pH_1_msdon.1","pH_2_msdon.1","pH_3_msdon.1","pH_4_msdon.1","pH_5_msdon.1","pH_6_msdon.1","pH_7_msdon.1","pH_8_msdon.1","pH_9_msdon.1","pH_10_msdon.1","pH_11_msdon.1","pH_12_msdon.1","pH_13_msdon.1","pH_14_msdon.1","Time_Days","Q_perc"],"original_names":null,"column_types":["Numeric","Numeric","Numeric","Numeric","Numeric","Numeric","Numeric","Numeric","Numeric","Numeric","Numeric","Numeric","Numeric","Numeric","Numeric","Numeric","Numeric","Numeric","Numeric","Numeric","Numeric","Numeric","Numeric","Numeric","Numeric","Numeric","Numeric","Numeric","Numeric","Numeric","Numeric","Numeric","Numeric","Numeric","Numeric","Numeric","Numeric","Numeric","Numeric","Numeric","Numeric","Numeric","Numeric","Numeric","Numeric","Numeric","Numeric","Numeric","Numeric","Numeric","Numeric","Numeric","Numeric","Numeric","Numeric","Numeric","Numeric","Numeric","Numeric","Numeric","Numeric","Numeric","Numeric","Numeric","Numeric","Numeric","Numeric","Numeric","Numeric","Numeric","Numeric","Numeric","Numeric","Numeric","Numeric","Numeric","Numeric","Numeric","Numeric","Numeric","Numeric","Numeric","Numeric","Numeric","Numeric","Numeric","Numeric","Numeric","Numeric","Numeric","Numeric","Numeric","Numeric","Numeric","Numeric","Numeric","Numeric","Numeric","Numeric","Numeric","Numeric","Numeric","Numeric","Numeric","Numeric","Numeric","Numeric","Numeric","Numeric","Numeric","Numeric","Numeric","Numeric","Numeric","Numeric","Numeric","Numeric","Numeric","Numeric","Numeric","Numeric","Numeric","Numeric","Numeric","Numeric","Numeric","Numeric","Numeric","Numeric","Numeric","Numeric","Numeric","Numeric","Numeric","Numeric","Numeric","Numeric","Numeric","Numeric","Numeric","Numeric","Numeric","Numeric","Numeric","Numeric","Numeric","Numeric","Numeric","Numeric","Numeric","Numeric","Numeric","Numeric","Numeric","Numeric","Numeric","Numeric","Numeric","Numeric","Numeric","Numeric","Numeric","Numeric","Numeric","Numeric","Numeric","Numeric","Numeric","Numeric","Numeric","Numeric","Numeric","Numeric","Numeric","Numeric","Numeric","Numeric","Numeric","Numeric","Numeric","Numeric","Numeric","Numeric","Numeric","Numeric","Numeric","Numeric","Numeric","Numeric","Numeric","Numeric","Numeric","Numeric","Numeric","Numeric","Numeric","Numeric","Numeric","Numeric","Numeric","Numeric","Numeric","Numeric","Numeric","Numeric","Numeric","Numeric","Numeric","Numeric","Numeric","Numeric","Numeric","Numeric","Numeric","Numeric","Numeric","Numeric","Numeric","Numeric","Numeric","Numeric","Numeric","Numeric","Numeric","Numeric","Numeric","Numeric","Numeric","Numeric","Numeric","Numeric","Numeric","Numeric","Numeric","Numeric","Numeric","Numeric","Numeric","Numeric","Numeric","Numeric","Numeric","Numeric","Numeric","Numeric","Numeric","Numeric","Numeric","Numeric","Numeric","Numeric","Numeric","Numeric","Numeric","Numeric","Numeric","Numeric","Numeric","Numeric","Numeric","Numeric","Numeric","Numeric","Numeric","Numeric","Numeric","Numeric","Numeric","Numeric","Numeric","Numeric","Numeric","Numeric","Numeric","Numeric","Numeric","Numeric","Numeric","Numeric","Numeric","Numeric","Numeric","Numeric","Numeric","Numeric","Numeric","Numeric","Numeric","Numeric","Numeric","Numeric","Numeric","Numeric","Numeric","Numeric","Numeric","Numeric","Numeric","Numeric","Numeric","Numeric"],"domains":[null,null,null,null,null,null,null,null,null,null,null,null,null,null,null,null,null,null,null,null,null,null,null,null,null,null,null,null,null,null,null,null,null,null,null,null,null,null,null,null,null,null,null,null,null,null,null,null,null,null,null,null,null,null,null,null,null,null,null,null,null,null,null,null,null,null,null,null,null,null,null,null,null,null,null,null,null,null,null,null,null,null,null,null,null,null,null,null,null,null,null,null,null,null,null,null,null,null,null,null,null,null,null,null,null,null,null,null,null,null,null,null,null,null,null,null,null,null,null,null,null,null,null,null,null,null,null,null,null,null,null,null,null,null,null,null,null,null,null,null,null,null,null,null,null,null,null,null,null,null,null,null,null,null,null,null,null,null,null,null,null,null,null,null,null,null,null,null,null,null,null,null,null,null,null,null,null,null,null,null,null,null,null,null,null,null,null,null,null,null,null,null,null,null,null,null,null,null,null,null,null,null,null,null,null,null,null,null,null,null,null,null,null,null,null,null,null,null,null,null,null,null,null,null,null,null,null,null,null,null,null,null,null,null,null,null,null,null,null,null,null,null,null,null,null,null,null,null,null,null,null,null,null,null,null,null,null,null,null,null,null,null,null,null,null,null,null,null,null,null,null,null,null,null,null,null,null,null,null,null,null,null,null,null,null,null,null,null,null,null,null,null,null,null,null,null,null,null,null,null,null],"cross_validation_models":[{"__meta":{"schema_version":3,"schema_name":"ModelKeyV3","schema_type":"Key<Model>"},"name":"DRF_1_AutoML_20210217_124248_cv_1","type":"Key<Model>","URL":"/3/Models/DRF_1_AutoML_20210217_124248_cv_1"},{"__meta":{"schema_version":3,"schema_name":"ModelKeyV3","schema_type":"Key<Model>"},"name":"DRF_1_AutoML_20210217_124248_cv_2","type":"Key<Model>","URL":"/3/Models/DRF_1_AutoML_20210217_124248_cv_2"},{"__meta":{"schema_version":3,"schema_name":"ModelKeyV3","schema_type":"Key<Model>"},"name":"DRF_1_AutoML_20210217_124248_cv_3","type":"Key<Model>","URL":"/3/Models/DRF_1_AutoML_20210217_124248_cv_3"},{"__meta":{"schema_version":3,"schema_name":"ModelKeyV3","schema_type":"Key<Model>"},"name":"DRF_1_AutoML_20210217_124248_cv_4","type":"Key<Model>","URL":"/3/Models/DRF_1_AutoML_20210217_124248_cv_4"},{"__meta":{"schema_version":3,"schema_name":"ModelKeyV3","schema_type":"Key<Model>"},"name":"DRF_1_AutoML_20210217_124248_cv_5","type":"Key<Model>","URL":"/3/Models/DRF_1_AutoML_20210217_124248_cv_5"}],"cross_validation_predictions":[{"__meta":{"schema_version":3,"schema_name":"FrameKeyV3","schema_type":"Key<Frame>"},"name":"prediction_DRF_1_AutoML_20210217_124248_cv_1","type":"Key<Frame>","URL":"/3/Frames/prediction_DRF_1_AutoML_20210217_124248_cv_1"},{"__meta":{"schema_version":3,"schema_name":"FrameKeyV3","schema_type":"Key<Frame>"},"name":"prediction_DRF_1_AutoML_20210217_124248_cv_2","type":"Key<Frame>","URL":"/3/Frames/prediction_DRF_1_AutoML_20210217_124248_cv_2"},{"__meta":{"schema_version":3,"schema_name":"FrameKeyV3","schema_type":"Key<Frame>"},"name":"prediction_DRF_1_AutoML_20210217_124248_cv_3","type":"Key<Frame>","URL":"/3/Frames/prediction_DRF_1_AutoML_20210217_124248_cv_3"},{"__meta":{"schema_version":3,"schema_name":"FrameKeyV3","schema_type":"Key<Frame>"},"name":"prediction_DRF_1_AutoML_20210217_124248_cv_4","type":"Key<Frame>","URL":"/3/Frames/prediction_DRF_1_AutoML_20210217_124248_cv_4"},{"__meta":{"schema_version":3,"schema_name":"FrameKeyV3","schema_type":"Key<Frame>"},"name":"prediction_DRF_1_AutoML_20210217_124248_cv_5","type":"Key<Frame>","URL":"/3/Frames/prediction_DRF_1_AutoML_20210217_124248_cv_5"}],"cross_validation_holdout_predictions_frame_id":{"__meta":{"schema_version":3,"schema_name":"FrameKeyV3","schema_type":"Key<Frame>"},"name":"cv_holdout_prediction_DRF_1_AutoML_20210217_124248","type":"Key<Frame>","URL":"/3/Frames/cv_holdout_prediction_DRF_1_AutoML_20210217_124248"},"cross_validation_fold_assignment_frame_id":{"__meta":{"schema_version":3,"schema_name":"FrameKeyV3","schema_type":"Key<Frame>"},"name":"cv_fold_assignment_DRF_1_AutoML_20210217_124248","type":"Key<Frame>","URL":"/3/Frames/cv_fold_assignment_DRF_1_AutoML_20210217_124248"},"model_category":"Regression","model_summary":{"__meta":{"schema_version":3,"schema_name":"TwoDimTableV3","schema_type":"TwoDimTable"},"name":"Model Summary","description":"","columns":[{"__meta":{"schema_version":-1,"schema_name":"ColumnSpecsBase","schema_type":"Iced"},"name":"","type":"string","format":"%s","description":""},{"__meta":{"schema_version":-1,"schema_name":"ColumnSpecsBase","schema_type":"Iced"},"name":"number_of_trees","type":"long","format":"%d","description":"Number of Trees"},{"__meta":{"schema_version":-1,"schema_name":"ColumnSpecsBase","schema_type":"Iced"},"name":"number_of_internal_trees","type":"long","format":"%d","description":"Number of Internal Trees"},{"__meta":{"schema_version":-1,"schema_name":"ColumnSpecsBase","schema_type":"Iced"},"name":"model_size_in_bytes","type":"long","format":"%d","description":"Model Size in Bytes"},{"__meta":{"schema_version":-1,"schema_name":"ColumnSpecsBase","schema_type":"Iced"},"name":"min_depth","type":"long","format":"%d","description":"Min. Depth"},{"__meta":{"schema_version":-1,"schema_name":"ColumnSpecsBase","schema_type":"Iced"},"name":"max_depth","type":"long","format":"%d","description":"Max. Depth"},{"__meta":{"schema_version":-1,"schema_name":"ColumnSpecsBase","schema_type":"Iced"},"name":"mean_depth","type":"double","format":"%.5f","description":"Mean Depth"},{"__meta":{"schema_version":-1,"schema_name":"ColumnSpecsBase","schema_type":"Iced"},"name":"min_leaves","type":"long","format":"%d","description":"Min. Leaves"},{"__meta":{"schema_version":-1,"schema_name":"ColumnSpecsBase","schema_type":"Iced"},"name":"max_leaves","type":"long","format":"%d","description":"Max. Leaves"},{"__meta":{"schema_version":-1,"schema_name":"ColumnSpecsBase","schema_type":"Iced"},"name":"mean_leaves","type":"double","format":"%.5f","description":"Mean Leaves"}],"rowcount":1,"data":[[""],[39],[39],[106142],[13],[20],[16.153847],[184],[244],[212.1282]]},"scoring_history":{"__meta":{"schema_version":3,"schema_name":"TwoDimTableV3","schema_type":"TwoDimTable"},"name":"Scoring History","description":"","columns":[{"__meta":{"schema_version":-1,"schema_name":"ColumnSpecsBase","schema_type":"Iced"},"name":"","type":"string","format":"%s","description":""},{"__meta":{"schema_version":-1,"schema_name":"ColumnSpecsBase","schema_type":"Iced"},"name":"timestamp","type":"string","format":"%s","description":"Timestamp"},{"__meta":{"schema_version":-1,"schema_name":"ColumnSpecsBase","schema_type":"Iced"},"name":"duration","type":"string","format":"%s","description":"Duration"},{"__meta":{"schema_version":-1,"schema_name":"ColumnSpecsBase","schema_type":"Iced"},"name":"number_of_trees","type":"long","format":"%d","description":"Number of Trees"},{"__meta":{"schema_version":-1,"schema_name":"ColumnSpecsBase","schema_type":"Iced"},"name":"training_rmse","type":"double","format":"%.5f","description":"Training RMSE"},{"__meta":{"schema_version":-1,"schema_name":"ColumnSpecsBase","schema_type":"Iced"},"name":"training_mae","type":"double","format":"%.5f","description":"Training MAE"},{"__meta":{"schema_version":-1,"schema_name":"ColumnSpecsBase","schema_type":"Iced"},"name":"training_deviance","type":"double","format":"%.5f","description":"Training Deviance"}],"rowcount":9,"data":[["","","","","","","","",""],["2021-02-17 12:43:10","2021-02-17 12:43:10","2021-02-17 12:43:10","2021-02-17 12:43:10","2021-02-17 12:43:10","2021-02-17 12:43:11","2021-02-17 12:43:11","2021-02-17 12:43:11","2021-02-17 12:43:11"],[" 4.591 sec"," 4.760 sec"," 4.933 sec"," 5.090 sec"," 5.266 sec"," 5.451 sec"," 5.649 sec"," 5.839 sec"," 5.984 sec"],[0,5,10,15,20,25,30,35,39],["NaN",12.221596092335059,11.486651665272039,10.99330945600114,10.266574549281906,10.036648355926571,9.732257551231049,9.723153147562725,9.692204391253659],["NaN",6.838775428190623,6.777025575091995,6.6065253835096325,6.288767084152185,6.246635010695664,6.071689347453226,6.05057710622469,6.0284973619561555],["NaN",149.3674110441796,131.9431664792969,120.85285279540409,105.40255297596295,100.73431022052355,94.71683704349377,94.53970713095893,93.9388259618367]]},"reproducibility_information_table":[{"__meta":{"schema_version":3,"schema_name":"TwoDimTableV3","schema_type":"TwoDimTable"},"name":"Node Information","description":"","columns":[{"__meta":{"schema_version":-1,"schema_name":"ColumnSpecsBase","schema_type":"Iced"},"name":"","type":"string","format":"%s","description":""},{"__meta":{"schema_version":-1,"schema_name":"ColumnSpecsBase","schema_type":"Iced"},"name":"node","type":"int","format":"%d","description":"node"},{"__meta":{"schema_version":-1,"schema_name":"ColumnSpecsBase","schema_type":"Iced"},"name":"h2o","type":"string","format":"%s","description":"h2o"},{"__meta":{"schema_version":-1,"schema_name":"ColumnSpecsBase","schema_type":"Iced"},"name":"healthy","type":"string","format":"%s","description":"healthy"},{"__meta":{"schema_version":-1,"schema_name":"ColumnSpecsBase","schema_type":"Iced"},"name":"last_ping","type":"string","format":"%s","description":"last_ping"},{"__meta":{"schema_version":-1,"schema_name":"ColumnSpecsBase","schema_type":"Iced"},"name":"num_cpus","type":"int","format":"%d","description":"num_cpus"},{"__meta":{"schema_version":-1,"schema_name":"ColumnSpecsBase","schema_type":"Iced"},"name":"sys_load","type":"double","format":"%.5f","description":"sys_load"},{"__meta":{"schema_version":-1,"schema_name":"ColumnSpecsBase","schema_type":"Iced"},"name":"mem_value_size","type":"long","format":"%d","description":"mem_value_size"},{"__meta":{"schema_version":-1,"schema_name":"ColumnSpecsBase","schema_type":"Iced"},"name":"free_mem","type":"long","format":"%d","description":"free_mem"},{"__meta":{"schema_version":-1,"schema_name":"ColumnSpecsBase","schema_type":"Iced"},"name":"pojo_mem","type":"long","format":"%d","description":"pojo_mem"},{"__meta":{"schema_version":-1,"schema_name":"ColumnSpecsBase","schema_type":"Iced"},"name":"swap_mem","type":"long","format":"%d","description":"swap_mem"},{"__meta":{"schema_version":-1,"schema_name":"ColumnSpecsBase","schema_type":"Iced"},"name":"free_disc","type":"long","format":"%d","description":"free_disc"},{"__meta":{"schema_version":-1,"schema_name":"ColumnSpecsBase","schema_type":"Iced"},"name":"max_disc","type":"long","format":"%d","description":"max_disc"},{"__meta":{"schema_version":-1,"schema_name":"ColumnSpecsBase","schema_type":"Iced"},"name":"pid","type":"int","format":"%d","description":"pid"},{"__meta":{"schema_version":-1,"schema_name":"ColumnSpecsBase","schema_type":"Iced"},"name":"num_keys","type":"int","format":"%d","description":"num_keys"},{"__meta":{"schema_version":-1,"schema_name":"ColumnSpecsBase","schema_type":"Iced"},"name":"tcps_active","type":"string","format":"%s","description":"tcps_active"},{"__meta":{"schema_version":-1,"schema_name":"ColumnSpecsBase","schema_type":"Iced"},"name":"open_fds","type":"int","format":"%d","description":"open_fds"},{"__meta":{"schema_version":-1,"schema_name":"ColumnSpecsBase","schema_type":"Iced"},"name":"rpcs_active","type":"string","format":"%s","description":"rpcs_active"},{"__meta":{"schema_version":-1,"schema_name":"ColumnSpecsBase","schema_type":"Iced"},"name":"nthreads","type":"int","format":"%d","description":"nthreads"},{"__meta":{"schema_version":-1,"schema_name":"ColumnSpecsBase","schema_type":"Iced"},"name":"is_leader","type":"string","format":"%s","description":"is_leader"},{"__meta":{"schema_version":-1,"schema_name":"ColumnSpecsBase","schema_type":"Iced"},"name":"total_mem","type":"long","format":"%d","description":"total_mem"},{"__meta":{"schema_version":-1,"schema_name":"ColumnSpecsBase","schema_type":"Iced"},"name":"max_mem","type":"long","format":"%d","description":"max_mem"},{"__meta":{"schema_version":-1,"schema_name":"ColumnSpecsBase","schema_type":"Iced"},"name":"java_version","type":"string","format":"%s","description":"java_version"},{"__meta":{"schema_version":-1,"schema_name":"ColumnSpecsBase","schema_type":"Iced"},"name":"jvm_launch_parameters","type":"string","format":"%s","description":"jvm_launch_parameters"},{"__meta":{"schema_version":-1,"schema_name":"ColumnSpecsBase","schema_type":"Iced"},"name":"os_version","type":"string","format":"%s","description":"os_version"},{"__meta":{"schema_version":-1,"schema_name":"ColumnSpecsBase","schema_type":"Iced"},"name":"machine_physical_mem","type":"long","format":"%d","description":"machine_physical_mem"},{"__meta":{"schema_version":-1,"schema_name":"ColumnSpecsBase","schema_type":"Iced"},"name":"machine_locale","type":"string","format":"%s","description":"machine_locale"}],"rowcount":1,"data":[[""],[0],["127.0.0.1:61077"],["true"],["1613562189597"],[32],[3.26],[79596551],[8079631106],[73142519],[0],[170125164544],[3937870544896],[21599],[9479],["\u0000"],[97],["\u0000"],[4],["true"],[8495562752],[8495562752],["Java 1.8.0_275 (from IcedTea)"],["[-ea, -Xms8G, -Xmx8G, -Djava.io.tmpdir=/home/kuba/Documents/NETS/FOR_GRID_PACKAGES/h2o_AutoML_v16_2/h2o_AutoML_Python-master/export]"],["Linux 5.3.18-lp152.60-default (amd64)"],[67422072832],["pl_PL"]]},{"__meta":{"schema_version":3,"schema_name":"TwoDimTableV3","schema_type":"TwoDimTable"},"name":"Cluster Configuration","description":"","columns":[{"__meta":{"schema_version":-1,"schema_name":"ColumnSpecsBase","schema_type":"Iced"},"name":"","type":"string","format":"%s","description":""},{"__meta":{"schema_version":-1,"schema_name":"ColumnSpecsBase","schema_type":"Iced"},"name":"h2o_cluster_uptime","type":"long","format":"%d","description":"H2O cluster uptime"},{"__meta":{"schema_version":-1,"schema_name":"ColumnSpecsBase","schema_type":"Iced"},"name":"h2o_cluster_timezone","type":"string","format":"%s","description":"H2O cluster timezone"},{"__meta":{"schema_version":-1,"schema_name":"ColumnSpecsBase","schema_type":"Iced"},"name":"h2o_data_parsing_timezone","type":"string","format":"%s","description":"H2O data parsing timezone"},{"__meta":{"schema_version":-1,"schema_name":"ColumnSpecsBase","schema_type":"Iced"},"name":"h2o_cluster_version","type":"string","format":"%s","description":"H2O cluster version"},{"__meta":{"schema_version":-1,"schema_name":"ColumnSpecsBase","schema_type":"Iced"},"name":"h2o_cluster_version_age","type":"string","format":"%s","description":"H2O cluster version age"},{"__meta":{"schema_version":-1,"schema_name":"ColumnSpecsBase","schema_type":"Iced"},"name":"h2o_cluster_name","type":"string","format":"%s","description":"H2O cluster name"},{"__meta":{"schema_version":-1,"schema_name":"ColumnSpecsBase","schema_type":"Iced"},"name":"h2o_cluster_total_nodes","type":"int","format":"%d","description":"H2O cluster total nodes"},{"__meta":{"schema_version":-1,"schema_name":"ColumnSpecsBase","schema_type":"Iced"},"name":"h2o_cluster_free_memory","type":"long","format":"%d","description":"H2O cluster free memory"},{"__meta":{"schema_version":-1,"schema_name":"ColumnSpecsBase","schema_type":"Iced"},"name":"h2o_cluster_total_cores","type":"int","format":"%d","description":"H2O cluster total cores"},{"__meta":{"schema_version":-1,"schema_name":"ColumnSpecsBase","schema_type":"Iced"},"name":"h2o_cluster_allowed_cores","type":"int","format":"%d","description":"H2O cluster allowed cores"},{"__meta":{"schema_version":-1,"schema_name":"ColumnSpecsBase","schema_type":"Iced"},"name":"h2o_cluster_status","type":"string","format":"%s","description":"H2O cluster status"},{"__meta":{"schema_version":-1,"schema_name":"ColumnSpecsBase","schema_type":"Iced"},"name":"h2o_internal_security","type":"string","format":"%s","description":"H2O internal security"},{"__meta":{"schema_version":-1,"schema_name":"ColumnSpecsBase","schema_type":"Iced"},"name":"h2o_api_extensions","type":"string","format":"%s","description":"H2O API Extensions"}],"rowcount":1,"data":[[""],[115594],["Europe/Warsaw"],["UTC"],["3.32.0.2"],["2 months and 30 days"],["ABMTiWUKWpW8Dy3B"],[1],[8079631106],[32],[4],["locked, healthly"],["false"],["Amazon S3, XGBoost, Algos, AutoML, Core V3, TargetEncoder, Core V4"]]},{"__meta":{"schema_version":3,"schema_name":"TwoDimTableV3","schema_type":"TwoDimTable"},"name":"Input Frames Information","description":"","columns":[{"__meta":{"schema_version":-1,"schema_name":"ColumnSpecsBase","schema_type":"Iced"},"name":"","type":"string","format":"%s","description":""},{"__meta":{"schema_version":-1,"schema_name":"ColumnSpecsBase","schema_type":"Iced"},"name":"input_frame","type":"string","format":"%s","description":"Input Frame"},{"__meta":{"schema_version":-1,"schema_name":"ColumnSpecsBase","schema_type":"Iced"},"name":"checksum","type":"long","format":"%d","description":"Checksum"},{"__meta":{"schema_version":-1,"schema_name":"ColumnSpecsBase","schema_type":"Iced"},"name":"espc","type":"string","format":"%d","description":"ESPC"}],"rowcount":3,"data":[["","",""],["training_frame","validation_frame","calibration_frame"],[5034909643219116500,-1,-1],["[0, 475]","-1","-1"]]}],"training_metrics":{"__meta":{"schema_version":3,"schema_name":"ModelMetricsRegressionV3","schema_type":"ModelMetricsRegression"},"model":{"__meta":{"schema_version":3,"schema_name":"ModelKeyV3","schema_type":"Key<Model>"},"name":"DRF_1_AutoML_20210217_124248","type":"Key<Model>","URL":"/3/Models/DRF_1_AutoML_20210217_124248"},"model_checksum":7023616844312036624,"frame":{"__meta":{"schema_version":3,"schema_name":"FrameKeyV3","schema_type":"Key<Frame>"},"name":"automl_training_Key_Frame__upload_8857ef1a3e7496a75c7eeab65eac48d5.hex","type":"Key<Frame>","URL":"/3/Frames/automl_training_Key_Frame__upload_8857ef1a3e7496a75c7eeab65eac48d5.hex"},"frame_checksum":5034909643219116500,"description":"Metrics reported on Out-Of-Bag training samples","model_category":"Regression","scoring_time":1613562191545,"predictions":null,"MSE":93.9388259618367,"RMSE":9.692204391253659,"nobs":475,"custom_metric_name":null,"custom_metric_value":0.0,"r2":0.9025670602972412,"mean_residual_deviance":93.9388259618367,"mae":6.0284973619561555,"rmsle":0.6868548732905644},"validation_metrics":null,"cross_validation_metrics":{"__meta":{"schema_version":3,"schema_name":"ModelMetricsRegressionV3","schema_type":"ModelMetricsRegression"},"model":{"__meta":{"schema_version":3,"schema_name":"ModelKeyV3","schema_type":"Key<Model>"},"name":"DRF_1_AutoML_20210217_124248","type":"Key<Model>","URL":"/3/Models/DRF_1_AutoML_20210217_124248"},"model_checksum":7023616844312036624,"frame":{"__meta":{"schema_version":3,"schema_name":"FrameKeyV3","schema_type":"Key<Frame>"},"name":"automl_training_Key_Frame__upload_8857ef1a3e7496a75c7eeab65eac48d5.hex","type":"Key<Frame>","URL":"/3/Frames/automl_training_Key_Frame__upload_8857ef1a3e7496a75c7eeab65eac48d5.hex"},"frame_checksum":5034909643219116500,"description":"5-fold cross-validation on training data (Metrics computed for combined holdout predictions)","model_category":"Regression","scoring_time":1613562191551,"predictions":null,"MSE":83.67873907577055,"RMSE":9.147608380105181,"nobs":475,"custom_metric_name":null,"custom_metric_value":0.0,"r2":0.9132087775710052,"mean_residual_deviance":83.67873907577055,"mae":5.759381527430682,"rmsle":0.6622249862610221},"cross_validation_metrics_summary":{"__meta":{"schema_version":3,"schema_name":"TwoDimTableV3","schema_type":"TwoDimTable"},"name":"Cross-Validation Metrics Summary","description":"","columns":[{"__meta":{"schema_version":-1,"schema_name":"ColumnSpecsBase","schema_type":"Iced"},"name":"","type":"string","format":"%s","description":""},{"__meta":{"schema_version":-1,"schema_name":"ColumnSpecsBase","schema_type":"Iced"},"name":"mean","type":"string","format":"%s","description":"mean"},{"__meta":{"schema_version":-1,"schema_name":"ColumnSpecsBase","schema_type":"Iced"},"name":"sd","type":"string","format":"%s","description":"sd"},{"__meta":{"schema_version":-1,"schema_name":"ColumnSpecsBase","schema_type":"Iced"},"name":"cv_1_valid","type":"string","format":"%s","description":"cv_1_valid"},{"__meta":{"schema_version":-1,"schema_name":"ColumnSpecsBase","schema_type":"Iced"},"name":"cv_2_valid","type":"string","format":"%s","description":"cv_2_valid"},{"__meta":{"schema_version":-1,"schema_name":"ColumnSpecsBase","schema_type":"Iced"},"name":"cv_3_valid","type":"string","format":"%s","description":"cv_3_valid"},{"__meta":{"schema_version":-1,"schema_name":"ColumnSpecsBase","schema_type":"Iced"},"name":"cv_4_valid","type":"string","format":"%s","description":"cv_4_valid"},{"__meta":{"schema_version":-1,"schema_name":"ColumnSpecsBase","schema_type":"Iced"},"name":"cv_5_valid","type":"string","format":"%s","description":"cv_5_valid"}],"rowcount":7,"data":[["mae","mean_residual_deviance","mse","r2","residual_deviance","rmse","rmsle"],["5.7593813","83.67874","83.67874","0.9132697","83.67874","9.097229","0.65558743"],["0.40697652","20.19884","20.19884","0.019753661","20.19884","1.071897","0.104565084"],["5.6145983","77.22526","77.22526","0.9196503","77.22526","8.78779","0.63130206"],["5.8823276","69.2111","69.2111","0.92485267","69.2111","8.319321","0.6077721"],["6.3284163","115.11349","115.11349","0.8816712","115.11349","10.729095","0.7787437"],["5.7623043","91.41424","91.41424","0.90795195","91.41424","9.561079","0.7404872"],["5.2092614","65.4296","65.4296","0.9322224","65.4296","8.088857","0.5196319"]]},"status":null,"start_time":1613562190151,"end_time":1613562191549,"run_time":1398,"default_threshold":0.5,"help":{"validation_metrics":"Validation data model metrics", "cross_validation_metrics_summary":"Cross-validation model metrics summary", "start_time":"Start time in milliseconds", "run_time":"Runtime in milliseconds", "status":"Job status", "domains":"Domains for categorical columns", "reproducibility_information_table":"Model reproducibility information", "model_category":"Category of the model (e.g., Binomial)", "default_threshold":"Default threshold used for predictions", "__meta":"Metadata on this schema instance, to make it self-describing.", "variable_importances":"Variable Importances", "model_summary":"Model summary", "scoring_history":"Scoring history", "help":"Help information for output fields", "end_time":"End time in milliseconds", "names":"Column names", "column_types":"Column types", "original_names":"Original column names", "cross_validation_fold_assignment_frame_id":"Cross-validation fold assignment (each row is assigned to one holdout fold)", "training_metrics":"Training data model metrics", "cross_validation_models":"Cross-validation models (model ids)", "cross_validation_metrics":"Cross-validation model metrics", "cross_validation_predictions":"Cross-validation predictions, one per cv model (deprecated, use cross_validation_holdout_predictions_frame_id instead)", "init_f":"The Intercept term, the initial model function value to which trees make adjustments", "cross_validation_holdout_predictions_frame_id":"Cross-validation holdout predictions (full out-of-sample predictions on training data)"},"variable_importances":{"__meta":{"schema_version":3,"schema_name":"TwoDimTableV3","schema_type":"TwoDimTable"},"name":"Variable Importances","description":"","columns":[{"__meta":{"schema_version":-1,"schema_name":"ColumnSpecsBase","schema_type":"Iced"},"name":"variable","type":"string","format":"%s","description":"Variable"},{"__meta":{"schema_version":-1,"schema_name":"ColumnSpecsBase","schema_type":"Iced"},"name":"relative_importance","type":"double","format":"%5f","description":"Relative Importance"},{"__meta":{"schema_version":-1,"schema_name":"ColumnSpecsBase","schema_type":"Iced"},"name":"scaled_importance","type":"double","format":"%5f","description":"Scaled Importance"},{"__meta":{"schema_version":-1,"schema_name":"ColumnSpecsBase","schema_type":"Iced"},"name":"percentage","type":"double","format":"%5f","description":"Percentage"}],"rowcount":300,"data":[["Time_Days","Prod_method","PLGA_conc","Encaps_rate","Hyper_wiener_index","PVA_Mw","PVA_conc_inner_phase","pH_8_logd","Mean_part_size","Inner_phase_volume","pH_4_logd","pH_5_logd","PLGA_visc","pI","PLGA_Mw","pH_11_logd","logP","pH_10_logd","pH_13_logd","Heteroaromatic_ring_count.2","pH_6_logd","pH_3_logd","pH_1_logd","pH_12_logd","Maximal_projection_radius.1","PVA_conc_outer_phase","diss_pH","Maximal_projection_area","Aromatic_bond_count","Aliphatic_ring_count","Carboaromatic_ring_count","bpKa1","Fused_ring_count","pH_7_logd","Aromatic_atom_count.1","bpKa1.1","diss_add","Minimal_projection_area","Carbo_ring_count","Aromatic_ring_count.2","Quaternary_structure","Fused_aromatic_ring_count","bpKa2","Dreiding_energy","PLGA_to_Placticizer","Aromatic_ring_count.1","count","pH_0_msdon","Heteroaliphatic_ring_count.1","pH_9_logd","Length_perpendicular_to_the_max_area","pH_4_msdon.1","Balaban_index","Hetero_ring_count","Cyclomatic_number.1","Block_polymer","S_no","Aliphatic_atom_count","Fused_aliphatic_ring_count","Heteroaromatic_ring_count.1","Aromatic_ring_count","Maximal_projection_radius","Aliphatic_bond_count.1","a_zz_","Randic_index.1","Aromatic_bond_count.2","La_to_Gly","Dreiding_energy.1","pH_2_logd","Length_perpendicular_to_the_min_area","ASA_P.1","pH_6_msacc","Bond_count.2","pH_1_msdon.1","pH_14_logd","pH_4_logd.1","pH_13_msdon","Aliphatic_bond_count.2","pH_12_msacc.1","diss_add_conc","pH_14_msacc","ASA","pH_10_msdon","pH_1_msacc.1","Refractivity","pH_4_msacc","pH_12_msacc","pH_1_msdon","Ring_bond_count.4","pH_6_msdon","Maximal_projection_area.1","Chiral_center_count.1","pH_5_msdon","Chain_atom_count.4","Szeged_index.1","pH_9_msacc.1","donorcount","Ring_bond_count.1","Cyclomatic_number.2","Aliphatic_ring_count.1","Hetero_ring_count.3","Platt_index","pH_7_msacc","Bond_count.3","Ring_system_count","ASA_H.1","Heteroaliphatic_ring_count","pH_14_msdon.1","Rotatable_bond_count.1","pH_8_msdon.1","Cyclomatic_number","Minimal_projection_radius","van_der_Waals_volume","count.1","Bond_count.4","pH_4_msdon","Minimal_projection_radius.1","acceptorcount","pH_8_msacc.1","pH_0_msacc","pH_2_msdon","Aliphatic_ring_count.2","Smallest_ring_size","Largest_ring_size","a_yy_.1","pH_9_msdon","pH_8_msdon","pH_0_logd","pH_6_msacc.1","Chain_bond_count.2","a_xx_","Asymmetric_atom_count","Maximal_projection_area.2","pH_12_msdon","Ring_atom_count.1","Aliphatic_atom_count.1","Wiener_index.1","pH_3_msdon.1","Aliphatic_ring_count.4","Minimal_projection_area.1","Wiener_polarity","pH_14_msdon","Heteroaromatic_ring_count","Aromatic_bond_count.1","Hyper_wiener_index.1","Aliphatic_atom_count.2","Rotatable_bond_count.3","Largest_ring_size.1","Bond_count","pH_6_msdon.1","pH_2_msacc","pH_3_msacc","Wiener_index","Randic_index","Chain_atom_count.1","pH_11_msacc","Atom_count","Chain_atom_count","N_no","Szeged_index","Largest_ring_size.2","Chain_bond_count.1","Hetero_ring_count.2","Aromatic_atom_count.2","ASA.1","acceptorcount.1","Ring_bond_count.2","Atom_count.1","Mass.1","Heteroaliphatic_ring_count.3","pH_13_msacc","pH_8_msacc","Van_der_Waals_surface_area__3D_.1","pH_9_msdon.1","Chiral_center_count","ASA+","Asymmetric_atom_count.1","Chain_bond_count","Polar_surface_area","Ring_count_of_atom","Aliphatic_bond_count","Aromatic_atom_count.3","pH_14_msacc.1","pH_5_msacc","a_xx_.1","pH_3_msdon","Hetero_ring_count.1","Fragment_count","pH_9_msacc","Chain_atom_count.2","Van_der_Waals_surface_area__3D_","Ring_atom_count","pH_7_msdon","Dreiding_energy.2","Aliphatic_ring_count.3","Ring_count.1","Chain_atom_count.3","H_no","Polar_surface_area.1","pH_10_msacc","ASA-","a_yy_","Mass","Rotatable_bond_count.2","C_no","O_no","Asymmetric_atom_count.2","Ring_atom_count.2","Largest_ring_system_size","molecular","Aliphatic_atom_count.4","Minimal_projection_area.2","Largest_ring_size.3","Ring_count","pH_10_msacc.1","ASA_P","Ring_count.3","Heteroaliphatic_ring_count.2","pH_11_msdon","Randic_index.2","Ring_bond_count","pH_1_msacc","Platt_index.1","pH_2_msdon.1","pH_5_msdon.1","Rotatable_bond_count","ASA+.1","Ring_count.2","molecular.1","a_yy_.2","Aromatic_atom_count","Rotatable_bond_count.4","Markush_library_size","Aromatic_bond_count.3","ASA_H","pH_7_msacc.1","pH_13_msacc.1","Smallest_ring_size.1","pH_11_msacc.1","Harary_index.1","pH_10_logd.1","pH_5_logd.1","pH_3_msacc.1","Atom_count.2","Stereoisomer_count","Fragment_count.1","Bond_count.5","pH_0_msacc.1","Aliphatic_bond_count.3","bpKa2.1","pH_5_msacc.1","Platt_index.2","ASA-.1","pH_4_msacc.1","pH_11_msdon.1","Hetero_ring_count.4","Bond_count.1","Ring_count.4","Stereoisomer_count.1","Bond_count.6","Wiener_polarity.1","Harary_index","Szeged_index.2","Aliphatic_atom_count.3","Markush_library_size.1","pH_13_logd.1","Largest_ring_size.4","pH_2_msacc.1","Mass.2","pH_12_msdon.1","a_zz_.1","Ring_atom_count.4","Ring_atom_count.3","Chiral_center_count.2","pH_7_logd.1","logP.1","donorcount.1","a_yy_.3","pH_0_logd.1","pH_0_msdon.1","pH_9_logd.1","Ring_bond_count.3","Atom_count.3","Aliphatic_bond_count.4","Heteroaliphatic_ring_count.4","Chain_bond_count.3","Hyper_wiener_index.2","Maximal_projection_radius.2","Minimal_projection_radius.2","pH_1_logd.1","pH_2_logd.1","pH_3_logd.1","pH_6_logd.1","pH_8_logd.1","pH_11_logd.1","pH_12_logd.1","pH_14_logd.1","pH_7_msdon.1","pH_10_msdon.1","pH_13_msdon.1"],[4345541.5,1063236.375,934265.0625,554155.75,322680.3125,268148.90625,234219.53125,210837.375,201577.15625,186875.484375,181403.171875,162380.46875,144257.84375,129698.6328125,116469.53125,113314.21875,112556.203125,108237.4375,103533.484375,93185.6953125,92698.59375,86431.0625,81577.9140625,79529.6875,71698.6875,63958.70703125,59873.59765625,41838.75,41341.85546875,39427.4609375,36798.08984375,36525.1875,33052.21875,32679.34765625,31492.291015625,31030.228515625,29739.810546875,29456.8515625,29084.392578125,26884.1953125,26668.642578125,26599.240234375,26543.37109375,26239.6953125,25082.935546875,24725.63671875,24256.96484375,22788.97265625,22390.09765625,20255.5859375,20049.849609375,19408.34765625,18814.216796875,18093.294921875,17895.89453125,17844.966796875,16986.97265625,16941.568359375,16823.478515625,16635.580078125,15659.9375,15390.0595703125,15108.4296875,14665.9423828125,14653.6103515625,14299.0390625,14209.3173828125,13684.796875,13512.29296875,12859.4697265625,12815.7578125,12613.443359375,12537.5302734375,12316.1083984375,12002.046875,11975.6953125,11603.4287109375,11551.611328125,11307.7412109375,11266.2509765625,11163.2744140625,10844.94921875,10442.5244140625,10326.099609375,10087.787109375,9912.5126953125,9184.5751953125,8874.16796875,8860.7724609375,8851.435546875,8597.7578125,8377.7666015625,8078.35009765625,8077.70947265625,7953.9541015625,7861.908203125,7535.50146484375,7348.771484375,6914.62890625,6712.28515625,6663.951171875,6631.78173828125,6535.97119140625,6443.34228515625,6403.01953125,6288.4453125,6242.50146484375,6142.6796875,5741.13671875,5692.06494140625,5618.17529296875,5603.78076171875,5524.80029296875,5145.1064453125,5039.259765625,4956.72509765625,4824.81689453125,4808.7998046875,4643.158203125,4636.509765625,4538.740234375,4531.0068359375,4413.56640625,4412.44677734375,4335.02490234375,4332.02734375,4200.7197265625,4186.4599609375,4184.9609375,4157.06884765625,4143.482421875,4116.41357421875,4078.36865234375,4077.756103515625,4055.81884765625,3962.122314453125,3899.75048828125,3893.61279296875,3850.75,3725.57763671875,3634.82861328125,3555.426513671875,3498.455078125,3458.398193359375,3426.2197265625,3405.75244140625,3378.756103515625,3276.6025390625,3257.855712890625,3165.124267578125,3126.38330078125,3112.5107421875,3078.03955078125,3058.32470703125,3018.218017578125,2876.859619140625,2815.2138671875,2778.3076171875,2754.463623046875,2721.83642578125,2692.1845703125,2686.2138671875,2630.8076171875,2534.251708984375,2534.03466796875,2529.732421875,2528.580078125,2493.649658203125,2470.202392578125,2468.1875,2399.72021484375,2346.89306640625,2243.1494140625,2240.589111328125,2219.970703125,2142.060302734375,2108.519775390625,2085.23779296875,1932.0009765625,1910.1248779296875,1902.7039794921875,1843.7093505859375,1774.876953125,1696.4508056640625,1678.8289794921875,1675.62060546875,1622.75732421875,1582.985595703125,1578.48828125,1551.624755859375,1527.465576171875,1492.9212646484375,1474.1328125,1467.8333740234375,1431.3404541015625,1346.2774658203125,1336.2518310546875,1332.66796875,1328.019287109375,1252.3138427734375,1242.348388671875,1179.0096435546875,1003.8843994140625,956.2042236328125,928.7373657226562,909.8748168945312,826.2176513671875,819.0233154296875,804.6953125,803.6140747070312,751.2268676757812,746.0689086914062,718.21435546875,710.4808959960938,680.7324829101562,678.4671020507812,675.361328125,656.8089599609375,650.9577026367188,647.7124633789062,646.8925170898438,631.2320556640625,600.1910400390625,551.3775634765625,512.208740234375,509.09417724609375,472.39080810546875,470.0373840332031,456.5915832519531,455.287109375,434.5176696777344,431.6113586425781,415.9632568359375,359.8156433105469,352.78851318359375,344.62689208984375,326.3763122558594,319.1357421875,307.6473693847656,258.197998046875,253.0997314453125,221.7362518310547,209.63748168945312,207.28298950195312,181.8495330810547,171.3248748779297,168.50816345214844,150.8018798828125,150.36181640625,148.9248809814453,129.49835205078125,127.34378814697266,120.72628784179688,107.81310272216797,96.58977508544922,91.2210922241211,79.51702117919922,62.732521057128906,50.924232482910156,47.69752502441406,38.82284927368164,36.91541290283203,34.334476470947266,29.23982810974121,25.141132354736328,22.574491500854492,20.988061904907227,14.131047248840332,8.446052551269531,6.505214691162109,4.309162139892578,3.617764949798584,3.088449001312256,2.249784469604492,2.207089900970459,1.1640143394470215,1.0439653396606445,0.9015629291534424,0.42836400866508484,0.23143824934959412,0.18026699125766754,9.976811707019806E-4,0.0,0.0,0.0,0.0,0.0,0.0,0.0,0.0,0.0,0.0,0.0,0.0,0.0,0.0,0.0,0.0,0.0,0.0],[1.0,0.24467293086488762,0.2149939340125966,0.1275228300086422,0.07425548979338939,0.06170667251710748,0.0538988135885942,0.04851809032315075,0.04638712028178767,0.043003958051027705,0.041744664473921146,0.037367142564396175,0.0331967474594363,0.029846368470419625,0.026802075472067175,0.02607597206240005,0.025901536810774905,0.024907698499715168,0.02382522048748125,0.02144397776721267,0.021331885508399817,0.019889595462383686,0.01877278448784806,0.018301444710630423,0.016499367800307512,0.014718236388088803,0.013778167267819212,0.009627971565799106,0.009513625740025726,0.009073083512722178,0.008468010222373897,0.008405209684454745,0.007606006926869758,0.007520201488410593,0.007247034924329914,0.007140704677570103,0.006843752509756264,0.006778637728462609,0.006692927124991212,0.006186615710032916,0.006137012516880808,0.006121041585812723,0.006108184927873776,0.006038302778261351,0.005772108158873871,0.005689886224478583,0.00558203502227513,0.00524421931219619,0.0051524298309543245,0.004661234034354522,0.004613889801621961,0.0044662667831500405,0.004329544844267394,0.004163645640451253,0.004118219681310143,0.004106500144314581,0.003909057744874833,0.00389860926638832,0.003871434323116003,0.0038281949621525877,0.0036036791962520665,0.0035415746392739545,0.0034767657120522264,0.003374940127211419,0.0033721022688570574,0.003290507998255223,0.00326986116294425,0.0031491580220784914,0.0031094612647813856,0.002959232980875341,0.002949173955075564,0.002902617167359925,0.002885147978321574,0.002834194173139872,0.002761922046999206,0.002755858001241042,0.002670191669079101,0.002658267405368238,0.002602147790082663,0.002592600019252491,0.0025689029581382437,0.0024956496719108537,0.002403043306354916,0.0023762515234004786,0.002321410832085023,0.0022810765229862606,0.0021135628771034635,0.0020421316811150003,0.002039049094557606,0.0020369004753205094,0.00197852392216252,0.001927899342708498,0.0018589973419092303,0.001858849920696017,0.001830371221069342,0.0018091895344055512,0.0017340765160898245,0.0016911060415313029,0.0015912007528290778,0.0015446372232896636,0.0015335145624256494,0.0015261117028294979,0.0015040636918106178,0.0014827478428537041,0.0014734687337009669,0.001447102809281651,0.0014365301688739481,0.0014135590898165396,0.0013211556531562293,0.0013098632106968142,0.0012928596569538571,0.0012895471742057347,0.00127137211621814,0.0011839966193655036,0.0011596390842487639,0.0011406461306735305,0.0011102912938539995,0.001106605426432471,0.0010684878289909324,0.001066957884448923,0.001044459070146954,0.00104267945339781,0.001015653953885839,0.001015396303853904,9.975799108911398E-4,9.968901099552266E-4,9.666734805230833E-4,9.633920101643259E-4,9.630470535145044E-4,9.566285001895046E-4,9.535019794138429E-4,9.472728713369209E-4,9.385179389826907E-4,9.383769786839282E-4,9.333287572230642E-4,9.117672249714161E-4,8.974141630637402E-4,8.960017509828752E-4,8.861381257088443E-4,8.573333465389181E-4,8.36450097940901E-4,8.181780138728108E-4,8.050676948143287E-4,7.958497677123496E-4,7.884448293872006E-4,7.837348789342479E-4,7.77522456871169E-4,7.540147848231342E-4,7.49700747971369E-4,7.283613026312428E-4,7.194461957804913E-4,7.162538298592937E-4,7.083212876418854E-4,7.037844896962208E-4,6.945551014938242E-4,6.620255770519336E-4,6.478396000101483E-4,6.393466998733069E-4,6.338596980484193E-4,6.263514974557831E-4,6.195279852493642E-4,6.181540015640168E-4,6.054038644407147E-4,5.831843301886255E-4,5.831343845108256E-4,5.821443476894652E-4,5.81879169287648E-4,5.738409489825664E-4,5.684452426879653E-4,5.679815737578389E-4,5.52225819231907E-4,5.400691873282651E-4,5.161956027948416E-4,5.156064235787703E-4,5.108616965515115E-4,4.929328836772989E-4,4.8521450672847676E-4,4.7985683555633974E-4,4.4459383866487064E-4,4.39559690761137E-4,4.3785198679892654E-4,4.2427608862691507E-4,4.0843631412218706E-4,3.903888170586019E-4,3.8633366623979715E-4,3.855953522636362E-4,3.734304054440051E-4,3.6427809876010274E-4,3.6324317262877365E-4,3.5706131350014147E-4,3.5150178088780764E-4,3.4355241220189415E-4,3.39228796342182E-4,3.377791637758925E-4,3.293813795361435E-4,3.0980660656912667E-4,3.0749949829145284E-4,3.0667477660724216E-4,3.056050177197422E-4,2.881836113573964E-4,2.858903519093938E-4,2.7131478172621006E-4,2.3101479974683536E-4,2.2004259391673338E-4,2.1372189535473455E-4,2.0938122829905806E-4,1.9012996455497835E-4,1.8847439736329466E-4,1.85177224173328E-4,1.8492840873963147E-4,1.728730165563443E-4,1.716860622988887E-4,1.6527614693560055E-4,1.6349651614099042E-4,1.5665078400704636E-4,1.5612947248364357E-4,1.5541476893616134E-4,1.511454809397028E-4,1.497989842317048E-4,1.4905218679396026E-4,1.488635000010571E-4,1.452597002385232E-4,1.3811651322143915E-4,1.2688351117497382E-4,1.1786994560617475E-4,1.1715321951156E-4,1.0870700650436056E-4,1.0816543439596725E-4,1.0507127437442563E-4,1.0477108764811014E-4,9.999160511474447E-5,9.932280215079712E-5,9.572184659516829E-5,8.280110621669288E-5,8.118401657965842E-5,7.930585683966975E-5,7.510601665082691E-5,7.343981001849827E-5,7.079609512065772E-5,5.941676038460915E-5,5.8243542593095126E-5,5.1026149866720795E-5,4.824196977280119E-5,4.7700151868749416E-5,4.1847381524501534E-5,3.9425437515193375E-5,3.877725329562459E-5,3.470266706296845E-5,3.460139925168129E-5,3.427073035234971E-5,2.98002796776377E-5,2.9304469453800557E-5,2.7781644207470318E-5,2.4810050191021757E-5,2.2227327730145765E-5,2.099188150064177E-5,1.8298529925257697E-5,1.4436065345855954E-5,1.1718731136938897E-5,1.0976198253868722E-5,8.933949721497687E-6,8.49500871245437E-6,7.901081250966598E-6,6.72869609224563E-6,5.7855004617344765E-6,5.194862711782753E-6,4.8297920765242325E-6,3.2518495678479497E-6,1.9436133681543558E-6,1.4969859777342154E-6,9.91628348249022E-7,8.325233920326348E-7,7.107167199559033E-7,5.17722467868387E-7,5.078975545327226E-7,2.678640485764597E-7,2.4023826251817975E-7,2.0746848906021088E-7,9.85755189923016E-8,5.325878244393572E-8,4.148320554703425E-8,2.295873070598867E-10,0.0,0.0,0.0,0.0,0.0,0.0,0.0,0.0,0.0,0.0,0.0,0.0,0.0,0.0,0.0,0.0,0.0,0.0],[0.3684776344159746,0.09015650277071709,0.07922045621874574,0.046989310735614936,0.027361487221467667,0.022737528716784996,0.019860507328952778,0.01787783114865518,0.017092616348802398,0.015845996733166494,0.015381975214839038,0.013768956297013177,0.012232258974157603,0.010997719249887754,0.009875965367385728,0.009608412500650212,0.009544137011772624,0.009177929821921366,0.008779060884666104,0.007901626200131278,0.007860322709767574,0.007328871085469844,0.006917351219483158,0.00674367305336785,0.006079648016416414,0.005423340927058081,0.005076946481433636,0.003547692186789922,0.003505558307403605,0.003343228349626449,0.0031202723749506247,0.003097131781298125,0.0028026434397644853,0.0027710260547810267,0.002670370285447038,0.002631189967654116,0.0025217697353233774,0.002497776394746778,0.002466193954335272,0.0022796295218736337,0.0022613518546014664,0.002255466923702078,0.0022507295327982395,0.00222497952362115,0.0021268927599749905,0.0020965958160919095,0.002056855060235062,0.0019323775265166216,0.0018985551556043492,0.001717560490438184,0.0017001151995576507,0.0016457194189257714,0.0015953404423135287,0.0015342102961398633,0.0015174718461744702,0.001513153458905895,0.001440400350626923,0.0014365503199909664,0.0014265369611785946,0.001410604223737137,0.0013278751854290222,0.0013049910451872755,0.001281110404995576,0.0012435899543704121,0.0012425442670371892,0.0012124786032239286,0.001204870706190365,0.001160394298377572,0.0011457669311547495,0.0010904111684786786,0.0010867046424474476,0.0010695495074439822,0.001063112501991965,0.0010443371643941192,0.0010177065023195936,0.0010154720370836351,9.8390590965951E-4,9.795120851751788E-4,9.588332620904157E-4,9.553151220809683E-4,9.465832850589794E-4,9.195910874367146E-4,8.854677129248015E-4,8.755955401199642E-4,8.553879719143086E-4,8.405256811117939E-4,7.788006491445055E-4,7.524798510231727E-4,7.513439868206215E-4,7.505522686868756E-4,7.290418144738612E-4,7.103877891933396E-4,6.849989429322979E-4,6.849446215123903E-4,6.7445085764271E-4,6.666458798478959E-4,6.389684125450733E-4,6.231347537300174E-4,5.863218892833765E-4,5.691642700686348E-4,5.650658183050517E-4,5.623380301131482E-4,5.542138311693339E-4,5.463594175701222E-4,5.429402733800339E-4,5.33225019920814E-4,5.29329238393853E-4,5.208649095227967E-4,4.868163097702992E-4,4.8265529728607544E-4,4.7638986802620573E-4,4.751692922191339E-4,4.684721898464917E-4,4.3627627346031194E-4,4.273010665402916E-4,4.203025879363172E-4,4.0911750947197347E-4,4.0775934976371777E-4,3.937138676288392E-4,3.93150117283212E-4,3.8485980741205815E-4,3.8420405844216655E-4,3.7424576631308535E-4,3.741508280388107E-4,3.675858857060659E-4,3.673317094889827E-4,3.561975573558024E-4,3.5498840892060136E-4,3.548613001102991E-4,3.524962067647304E-4,3.513441537853622E-4,3.490488667766565E-4,3.4582287001329787E-4,3.4577092929586326E-4,3.4391077259395616E-4,3.3596583019548514E-4,3.3067704789711865E-4,3.30156605634741E-4,3.265220803270005E-4,3.1590816343859154E-4,3.082131533962735E-4,3.014802990830138E-4,2.966494397299056E-4,2.9325283975714943E-4,2.905242856001024E-4,2.8878877419898194E-4,2.86499635613185E-4,2.778375842262986E-4,2.7624795813237685E-4,2.683848497936981E-4,2.650998323107676E-4,2.639235168679345E-4,2.61000552476759E-4,2.593288439019173E-4,2.559280207699915E-4,2.43941618554967E-4,2.3871440329273065E-4,2.3558495954097624E-4,2.3356312208850548E-4,2.3079651809541031E-4,2.2828220645918054E-4,2.2777592420107759E-4,2.230777838354039E-4,2.1489038241636937E-4,2.1487197855116438E-4,2.1450717212524476E-4,2.1440945981504497E-4,2.1144755541211403E-4,2.0945935832067606E-4,2.092885066901509E-4,2.034828635339967E-4,1.9900341656767698E-4,1.9020653461377128E-4,1.8998943524998628E-4,1.882411094590324E-4,1.8163474290325588E-4,1.7879069362362313E-4,1.7681651162413541E-4,1.63822885947149E-4,1.619679150362811E-4,1.61338664320003E-4,1.5633624947650806E-4,1.504996468373234E-4,1.438495478122043E-4,1.4235531543129113E-4,1.4208326324389908E-4,1.3760075241700528E-4,1.3422833210067144E-4,1.3384698496800401E-4,1.3156910813999284E-4,1.295205447145416E-4,1.2659138014605578E-4,1.2499822440194565E-4,1.2446406722314694E-4,1.2136967155214848E-4,1.1415680551503233E-4,1.1330668771453357E-4,1.1300279621928405E-4,1.1260861399502261E-4,1.0618921539042603E-4,1.0534420057392394E-4,9.997342895256039E-5,8.512378692579398E-5,8.108077447719284E-5,7.875173842321106E-5,7.715229969474803E-5,7.005863957081153E-5,6.944860008840322E-5,6.823366551110453E-5,6.814198258868985E-5,6.369984019503536E-5,6.326247409808814E-5,6.090056364821712E-5,6.024480950288536E-5,5.7722310320324234E-5,5.7530218683386984E-5,5.726686641090203E-5,5.569372926932646E-5,5.519757534761446E-5,5.492239719436645E-5,5.485287033127196E-5,5.3524950719864614E-5,5.089284606561858E-5,4.675373604414723E-5,4.343243872570287E-5,4.3168341189835035E-5,4.0056100601168743E-5,3.9856543391802304E-5,3.871641462656017E-5,3.860580253176436E-5,3.684467011413731E-5,3.6598231180091594E-5,3.527135959531642E-5,3.051035574575284E-5,2.99144943816598E-5,2.922243452361345E-5,2.76748873459035E-5,2.7060927467574836E-5,2.608677765594828E-5,2.189374731118157E-5,2.1461442794709753E-5,1.8801994996244276E-5,1.777608690144873E-5,1.7576439121879513E-5,1.5419824150651088E-5,1.4527391951413274E-5,1.4288550563520805E-5,1.2787156667287772E-5,1.2749841743742197E-5,1.2627997649941564E-5,1.0980736560550382E-5,1.0798041582151617E-5,1.0236914537754926E-5,9.141948604129296E-6,8.190273141392706E-6,7.735038837296939E-6,6.742599020148877E-6,5.319367208915431E-6,4.318090327696069E-6,4.044483567466298E-6,3.291960659368723E-6,3.1302207147082806E-6,2.9113717286845815E-6,2.479374018774682E-6,2.1318275240524487E-6,1.914190723153464E-6,1.779670359078667E-6,1.198233836237222E-6,7.161780561167817E-7,5.516058518293886E-7,3.6539286798261994E-7,3.0676625009214833E-7,2.6188321570923194E-7,1.9076915024414366E-7,1.8714888941987608E-7,9.870191096453958E-8,8.852242666890277E-8,7.644749806476302E-8,3.6322874049610276E-8,1.9624670166816475E-8,1.5285633447962818E-8,8.459778779736103E-11,0.0,0.0,0.0,0.0,0.0,0.0,0.0,0.0,0.0,0.0,0.0,0.0,0.0,0.0,0.0,0.0,0.0,0.0]]},"init_f":0.0},"compatible_frames":null}
