{"__meta":{"schema_version":3,"schema_name":"GBMModelV3","schema_type":"GBMModel"},"model_id":{"__meta":{"schema_version":3,"schema_name":"ModelKeyV3","schema_type":"Key<Model>"},"name":"GBM_grid_1_AutoML_20191030_224221_model_62","type":"Key<Model>","URL":"/3/Models/GBM_grid_1_AutoML_20191030_224221_model_62"},"algo":"gbm","algo_full_name":"Gradient Boosting Machine","response_column_name":"Q_perc","data_frame":{"__meta":{"schema_version":3,"schema_name":"FrameKeyV3","schema_type":"Key<Frame>"},"name":"automl_training_Key_Frame__upload_ab30b881cc437b4c5e5038a7421741c3.hex","type":"Key<Frame>","URL":"/3/Frames/automl_training_Key_Frame__upload_ab30b881cc437b4c5e5038a7421741c3.hex"},"timestamp":1572472335360,"have_pojo":true,"have_mojo":true,"algo":"gbm","algo_full_name":"Gradient Boosting Machine","model_id":{"__meta":{"schema_version":3,"schema_name":"ModelKeyV3","schema_type":"Key<Model>"},"name":"GBM_grid_1_AutoML_20191030_224221_model_62","type":"Key<Model>","URL":"/3/Models/GBM_grid_1_AutoML_20191030_224221_model_62"},"parameters":[{"__meta":{"schema_version":3,"schema_name":"ModelParameterSchemaV3","schema_type":"Iced"},"name":"model_id","label":"model_id","help":"Destination id for this model; auto-generated if not specified.","required":false,"type":"Key<Model>","default_value":null,"actual_value":{"__meta":{"schema_version":3,"schema_name":"ModelKeyV3","schema_type":"Key<Model>"},"name":"GBM_grid_1_AutoML_20191030_224221_model_62","type":"Key<Model>","URL":"/3/Models/GBM_grid_1_AutoML_20191030_224221_model_62"},"level":"critical","values":[],"is_member_of_frames":[],"is_mutually_exclusive_with":[],"gridable":false},{"__meta":{"schema_version":3,"schema_name":"ModelParameterSchemaV3","schema_type":"Iced"},"name":"training_frame","label":"training_frame","help":"Id of the training data frame.","required":false,"type":"Key<Frame>","default_value":null,"actual_value":{"__meta":{"schema_version":3,"schema_name":"FrameKeyV3","schema_type":"Key<Frame>"},"name":"automl_training_Key_Frame__upload_ab30b881cc437b4c5e5038a7421741c3.hex","type":"Key<Frame>","URL":"/3/Frames/automl_training_Key_Frame__upload_ab30b881cc437b4c5e5038a7421741c3.hex"},"level":"critical","values":[],"is_member_of_frames":[],"is_mutually_exclusive_with":[],"gridable":false},{"__meta":{"schema_version":3,"schema_name":"ModelParameterSchemaV3","schema_type":"Iced"},"name":"validation_frame","label":"validation_frame","help":"Id of the validation data frame.","required":false,"type":"Key<Frame>","default_value":null,"actual_value":null,"level":"critical","values":[],"is_member_of_frames":[],"is_mutually_exclusive_with":[],"gridable":true},{"__meta":{"schema_version":3,"schema_name":"ModelParameterSchemaV3","schema_type":"Iced"},"name":"nfolds","label":"nfolds","help":"Number of folds for K-fold cross-validation (0 to disable or >= 2).","required":false,"type":"int","default_value":0,"actual_value":5,"level":"critical","values":[],"is_member_of_frames":[],"is_mutually_exclusive_with":[],"gridable":false},{"__meta":{"schema_version":3,"schema_name":"ModelParameterSchemaV3","schema_type":"Iced"},"name":"keep_cross_validation_models","label":"keep_cross_validation_models","help":"Whether to keep the cross-validation models.","required":false,"type":"boolean","default_value":true,"actual_value":true,"level":"expert","values":[],"is_member_of_frames":[],"is_mutually_exclusive_with":[],"gridable":false},{"__meta":{"schema_version":3,"schema_name":"ModelParameterSchemaV3","schema_type":"Iced"},"name":"keep_cross_validation_predictions","label":"keep_cross_validation_predictions","help":"Whether to keep the predictions of the cross-validation models.","required":false,"type":"boolean","default_value":false,"actual_value":true,"level":"expert","values":[],"is_member_of_frames":[],"is_mutually_exclusive_with":[],"gridable":false},{"__meta":{"schema_version":3,"schema_name":"ModelParameterSchemaV3","schema_type":"Iced"},"name":"keep_cross_validation_fold_assignment","label":"keep_cross_validation_fold_assignment","help":"Whether to keep the cross-validation fold assignment.","required":false,"type":"boolean","default_value":false,"actual_value":true,"level":"expert","values":[],"is_member_of_frames":[],"is_mutually_exclusive_with":[],"gridable":false},{"__meta":{"schema_version":3,"schema_name":"ModelParameterSchemaV3","schema_type":"Iced"},"name":"score_each_iteration","label":"score_each_iteration","help":"Whether to score during each iteration of model training.","required":false,"type":"boolean","default_value":false,"actual_value":false,"level":"secondary","values":[],"is_member_of_frames":[],"is_mutually_exclusive_with":[],"gridable":false},{"__meta":{"schema_version":3,"schema_name":"ModelParameterSchemaV3","schema_type":"Iced"},"name":"score_tree_interval","label":"score_tree_interval","help":"Score the model after every so many trees. Disabled if set to 0.","required":false,"type":"int","default_value":0,"actual_value":5,"level":"secondary","values":[],"is_member_of_frames":[],"is_mutually_exclusive_with":[],"gridable":false},{"__meta":{"schema_version":3,"schema_name":"ModelParameterSchemaV3","schema_type":"Iced"},"name":"fold_assignment","label":"fold_assignment","help":"Cross-validation fold assignment scheme, if fold_column is not specified. The 'Stratified' option will stratify the folds based on the response variable, for classification problems.","required":false,"type":"enum","default_value":"AUTO","actual_value":"Modulo","level":"secondary","values":["AUTO","Random","Modulo","Stratified"],"is_member_of_frames":[],"is_mutually_exclusive_with":[],"gridable":true},{"__meta":{"schema_version":3,"schema_name":"ModelParameterSchemaV3","schema_type":"Iced"},"name":"fold_column","label":"fold_column","help":"Column with cross-validation fold index assignment per observation.","required":false,"type":"VecSpecifier","default_value":null,"actual_value":null,"level":"secondary","values":[],"is_member_of_frames":["training_frame"],"is_mutually_exclusive_with":["response_column","weights_column","ignored_columns","offset_column"],"gridable":true},{"__meta":{"schema_version":3,"schema_name":"ModelParameterSchemaV3","schema_type":"Iced"},"name":"response_column","label":"response_column","help":"Response variable column.","required":false,"type":"VecSpecifier","default_value":null,"actual_value":{"__meta":{"schema_version":3,"schema_name":"ColSpecifierV3","schema_type":"VecSpecifier"},"column_name":"Q_perc","is_member_of_frames":null},"level":"critical","values":[],"is_member_of_frames":["training_frame","validation_frame"],"is_mutually_exclusive_with":["weights_column","ignored_columns","offset_column","fold_column"],"gridable":true},{"__meta":{"schema_version":3,"schema_name":"ModelParameterSchemaV3","schema_type":"Iced"},"name":"ignored_columns","label":"ignored_columns","help":"Names of columns to ignore for training.","required":false,"type":"string[]","default_value":null,"actual_value":null,"level":"critical","values":[],"is_member_of_frames":["training_frame","validation_frame"],"is_mutually_exclusive_with":["response_column","weights_column","offset_column","fold_column"],"gridable":false},{"__meta":{"schema_version":3,"schema_name":"ModelParameterSchemaV3","schema_type":"Iced"},"name":"ignore_const_cols","label":"ignore_const_cols","help":"Ignore constant columns.","required":false,"type":"boolean","default_value":true,"actual_value":true,"level":"critical","values":[],"is_member_of_frames":[],"is_mutually_exclusive_with":[],"gridable":false},{"__meta":{"schema_version":3,"schema_name":"ModelParameterSchemaV3","schema_type":"Iced"},"name":"offset_column","label":"offset_column","help":"Offset column. This will be added to the combination of columns before applying the link function.","required":false,"type":"VecSpecifier","default_value":null,"actual_value":null,"level":"secondary","values":[],"is_member_of_frames":["training_frame","validation_frame"],"is_mutually_exclusive_with":["response_column","weights_column","ignored_columns","fold_column"],"gridable":true},{"__meta":{"schema_version":3,"schema_name":"ModelParameterSchemaV3","schema_type":"Iced"},"name":"weights_column","label":"weights_column","help":"Column with observation weights. Giving some observation a weight of zero is equivalent to excluding it from the dataset; giving an observation a relative weight of 2 is equivalent to repeating that row twice. Negative weights are not allowed. Note: Weights are per-row observation weights and do not increase the size of the data frame. This is typically the number of times a row is repeated, but non-integer values are supported as well. During training, rows with higher weights matter more, due to the larger loss function pre-factor.","required":false,"type":"VecSpecifier","default_value":null,"actual_value":null,"level":"secondary","values":[],"is_member_of_frames":["training_frame","validation_frame"],"is_mutually_exclusive_with":["response_column","ignored_columns","offset_column","fold_column"],"gridable":true},{"__meta":{"schema_version":3,"schema_name":"ModelParameterSchemaV3","schema_type":"Iced"},"name":"balance_classes","label":"balance_classes","help":"Balance training data class counts via over/under-sampling (for imbalanced data).","required":false,"type":"boolean","default_value":false,"actual_value":false,"level":"secondary","values":[],"is_member_of_frames":[],"is_mutually_exclusive_with":[],"gridable":true},{"__meta":{"schema_version":3,"schema_name":"ModelParameterSchemaV3","schema_type":"Iced"},"name":"class_sampling_factors","label":"class_sampling_factors","help":"Desired over/under-sampling ratios per class (in lexicographic order). If not specified, sampling factors will be automatically computed to obtain class balance during training. Requires balance_classes.","required":false,"type":"float[]","default_value":null,"actual_value":null,"level":"expert","values":[],"is_member_of_frames":[],"is_mutually_exclusive_with":[],"gridable":true},{"__meta":{"schema_version":3,"schema_name":"ModelParameterSchemaV3","schema_type":"Iced"},"name":"max_after_balance_size","label":"max_after_balance_size","help":"Maximum relative size of the training data after balancing class counts (can be less than 1.0). Requires balance_classes.","required":false,"type":"float","default_value":5.0,"actual_value":5.0,"level":"expert","values":[],"is_member_of_frames":[],"is_mutually_exclusive_with":[],"gridable":true},{"__meta":{"schema_version":3,"schema_name":"ModelParameterSchemaV3","schema_type":"Iced"},"name":"max_confusion_matrix_size","label":"max_confusion_matrix_size","help":"[Deprecated] Maximum size (# classes) for confusion matrices to be printed in the Logs","required":false,"type":"int","default_value":20,"actual_value":20,"level":"secondary","values":[],"is_member_of_frames":[],"is_mutually_exclusive_with":[],"gridable":false},{"__meta":{"schema_version":3,"schema_name":"ModelParameterSchemaV3","schema_type":"Iced"},"name":"max_hit_ratio_k","label":"max_hit_ratio_k","help":"Max. number (top K) of predictions to use for hit ratio computation (for multi-class only, 0 to disable)","required":false,"type":"int","default_value":0,"actual_value":0,"level":"secondary","values":[],"is_member_of_frames":[],"is_mutually_exclusive_with":[],"gridable":false},{"__meta":{"schema_version":3,"schema_name":"ModelParameterSchemaV3","schema_type":"Iced"},"name":"ntrees","label":"ntrees","help":"Number of trees.","required":false,"type":"int","default_value":50,"actual_value":92,"level":"critical","values":[],"is_member_of_frames":[],"is_mutually_exclusive_with":[],"gridable":true},{"__meta":{"schema_version":3,"schema_name":"ModelParameterSchemaV3","schema_type":"Iced"},"name":"max_depth","label":"max_depth","help":"Maximum tree depth.","required":false,"type":"int","default_value":5,"actual_value":12,"level":"critical","values":[],"is_member_of_frames":[],"is_mutually_exclusive_with":[],"gridable":true},{"__meta":{"schema_version":3,"schema_name":"ModelParameterSchemaV3","schema_type":"Iced"},"name":"min_rows","label":"min_rows","help":"Fewest allowed (weighted) observations in a leaf.","required":false,"type":"double","default_value":10.0,"actual_value":30.0,"level":"critical","values":[],"is_member_of_frames":[],"is_mutually_exclusive_with":[],"gridable":true},{"__meta":{"schema_version":3,"schema_name":"ModelParameterSchemaV3","schema_type":"Iced"},"name":"nbins","label":"nbins","help":"For numerical columns (real/int), build a histogram of (at least) this many bins, then split at the best point","required":false,"type":"int","default_value":20,"actual_value":20,"level":"critical","values":[],"is_member_of_frames":[],"is_mutually_exclusive_with":[],"gridable":true},{"__meta":{"schema_version":3,"schema_name":"ModelParameterSchemaV3","schema_type":"Iced"},"name":"nbins_top_level","label":"nbins_top_level","help":"For numerical columns (real/int), build a histogram of (at most) this many bins at the root level, then decrease by factor of two per level","required":false,"type":"int","default_value":1024,"actual_value":1024,"level":"secondary","values":[],"is_member_of_frames":[],"is_mutually_exclusive_with":[],"gridable":true},{"__meta":{"schema_version":3,"schema_name":"ModelParameterSchemaV3","schema_type":"Iced"},"name":"nbins_cats","label":"nbins_cats","help":"For categorical columns (factors), build a histogram of this many bins, then split at the best point. Higher values can lead to more overfitting.","required":false,"type":"int","default_value":1024,"actual_value":1024,"level":"secondary","values":[],"is_member_of_frames":[],"is_mutually_exclusive_with":[],"gridable":true},{"__meta":{"schema_version":3,"schema_name":"ModelParameterSchemaV3","schema_type":"Iced"},"name":"r2_stopping","label":"r2_stopping","help":"r2_stopping is no longer supported and will be ignored if set - please use stopping_rounds, stopping_metric and stopping_tolerance instead. Previous version of H2O would stop making trees when the R^2 metric equals or exceeds this","required":false,"type":"double","default_value":1.7976931348623157E308,"actual_value":1.7976931348623157E308,"level":"secondary","values":[],"is_member_of_frames":[],"is_mutually_exclusive_with":[],"gridable":true},{"__meta":{"schema_version":3,"schema_name":"ModelParameterSchemaV3","schema_type":"Iced"},"name":"stopping_rounds","label":"stopping_rounds","help":"Early stopping based on convergence of stopping_metric. Stop if simple moving average of length k of the stopping_metric does not improve for k:=stopping_rounds scoring events (0 to disable)","required":false,"type":"int","default_value":0,"actual_value":0,"level":"secondary","values":[],"is_member_of_frames":[],"is_mutually_exclusive_with":[],"gridable":true},{"__meta":{"schema_version":3,"schema_name":"ModelParameterSchemaV3","schema_type":"Iced"},"name":"stopping_metric","label":"stopping_metric","help":"Metric to use for early stopping (AUTO: logloss for classification, deviance for regression and anonomaly_score for Isolation Forest). Note that custom and custom_increasing can only be used in GBM and DRF with the Python client.","required":false,"type":"enum","default_value":"AUTO","actual_value":"RMSE","level":"secondary","values":["AUTO","deviance","logloss","MSE","RMSE","MAE","RMSLE","AUC","lift_top_group","misclassification","AUCPR","mean_per_class_error","anomaly_score","custom","custom_increasing"],"is_member_of_frames":[],"is_mutually_exclusive_with":[],"gridable":true},{"__meta":{"schema_version":3,"schema_name":"ModelParameterSchemaV3","schema_type":"Iced"},"name":"stopping_tolerance","label":"stopping_tolerance","help":"Relative tolerance for metric-based stopping criterion (stop if relative improvement is not at least this much)","required":false,"type":"double","default_value":0.001,"actual_value":0.043355498476206,"level":"secondary","values":[],"is_member_of_frames":[],"is_mutually_exclusive_with":[],"gridable":true},{"__meta":{"schema_version":3,"schema_name":"ModelParameterSchemaV3","schema_type":"Iced"},"name":"max_runtime_secs","label":"max_runtime_secs","help":"Maximum allowed runtime in seconds for model training. Use 0 to disable.","required":false,"type":"double","default_value":0.0,"actual_value":0.0,"level":"secondary","values":[],"is_member_of_frames":[],"is_mutually_exclusive_with":[],"gridable":true},{"__meta":{"schema_version":3,"schema_name":"ModelParameterSchemaV3","schema_type":"Iced"},"name":"seed","label":"seed","help":"Seed for pseudo random number generator (if applicable)","required":false,"type":"long","default_value":-1,"actual_value":87542,"level":"critical","values":[],"is_member_of_frames":[],"is_mutually_exclusive_with":[],"gridable":true},{"__meta":{"schema_version":3,"schema_name":"ModelParameterSchemaV3","schema_type":"Iced"},"name":"build_tree_one_node","label":"build_tree_one_node","help":"Run on one node only; no network overhead but fewer cpus used.  Suitable for small datasets.","required":false,"type":"boolean","default_value":false,"actual_value":false,"level":"expert","values":[],"is_member_of_frames":[],"is_mutually_exclusive_with":[],"gridable":false},{"__meta":{"schema_version":3,"schema_name":"ModelParameterSchemaV3","schema_type":"Iced"},"name":"learn_rate","label":"learn_rate","help":"Learning rate (from 0.0 to 1.0)","required":false,"type":"double","default_value":0.1,"actual_value":0.1,"level":"critical","values":[],"is_member_of_frames":[],"is_mutually_exclusive_with":[],"gridable":true},{"__meta":{"schema_version":3,"schema_name":"ModelParameterSchemaV3","schema_type":"Iced"},"name":"learn_rate_annealing","label":"learn_rate_annealing","help":"Scale the learning rate by this factor after each tree (e.g., 0.99 or 0.999) ","required":false,"type":"double","default_value":1.0,"actual_value":1.0,"level":"secondary","values":[],"is_member_of_frames":[],"is_mutually_exclusive_with":[],"gridable":true},{"__meta":{"schema_version":3,"schema_name":"ModelParameterSchemaV3","schema_type":"Iced"},"name":"distribution","label":"distribution","help":"Distribution function","required":false,"type":"enum","default_value":"AUTO","actual_value":"gaussian","level":"secondary","values":["AUTO","bernoulli","quasibinomial","ordinal","multinomial","gaussian","poisson","gamma","tweedie","laplace","quantile","huber","custom"],"is_member_of_frames":[],"is_mutually_exclusive_with":[],"gridable":true},{"__meta":{"schema_version":3,"schema_name":"ModelParameterSchemaV3","schema_type":"Iced"},"name":"quantile_alpha","label":"quantile_alpha","help":"Desired quantile for Quantile regression, must be between 0 and 1.","required":false,"type":"double","default_value":0.5,"actual_value":0.5,"level":"secondary","values":[],"is_member_of_frames":[],"is_mutually_exclusive_with":[],"gridable":true},{"__meta":{"schema_version":3,"schema_name":"ModelParameterSchemaV3","schema_type":"Iced"},"name":"tweedie_power","label":"tweedie_power","help":"Tweedie power for Tweedie regression, must be between 1 and 2.","required":false,"type":"double","default_value":1.5,"actual_value":1.5,"level":"secondary","values":[],"is_member_of_frames":[],"is_mutually_exclusive_with":[],"gridable":true},{"__meta":{"schema_version":3,"schema_name":"ModelParameterSchemaV3","schema_type":"Iced"},"name":"huber_alpha","label":"huber_alpha","help":"Desired quantile for Huber/M-regression (threshold between quadratic and linear loss, must be between 0 and 1).","required":false,"type":"double","default_value":0.9,"actual_value":0.9,"level":"secondary","values":[],"is_member_of_frames":[],"is_mutually_exclusive_with":[],"gridable":true},{"__meta":{"schema_version":3,"schema_name":"ModelParameterSchemaV3","schema_type":"Iced"},"name":"checkpoint","label":"checkpoint","help":"Model checkpoint to resume training with.","required":false,"type":"Key<Model>","default_value":null,"actual_value":null,"level":"secondary","values":[],"is_member_of_frames":[],"is_mutually_exclusive_with":[],"gridable":false},{"__meta":{"schema_version":3,"schema_name":"ModelParameterSchemaV3","schema_type":"Iced"},"name":"sample_rate","label":"sample_rate","help":"Row sample rate per tree (from 0.0 to 1.0)","required":false,"type":"double","default_value":1.0,"actual_value":0.9,"level":"critical","values":[],"is_member_of_frames":[],"is_mutually_exclusive_with":[],"gridable":true},{"__meta":{"schema_version":3,"schema_name":"ModelParameterSchemaV3","schema_type":"Iced"},"name":"sample_rate_per_class","label":"sample_rate_per_class","help":"A list of row sample rates per class (relative fraction for each class, from 0.0 to 1.0), for each tree","required":false,"type":"double[]","default_value":null,"actual_value":null,"level":"expert","values":[],"is_member_of_frames":[],"is_mutually_exclusive_with":[],"gridable":true},{"__meta":{"schema_version":3,"schema_name":"ModelParameterSchemaV3","schema_type":"Iced"},"name":"col_sample_rate","label":"col_sample_rate","help":"Column sample rate (from 0.0 to 1.0)","required":false,"type":"double","default_value":1.0,"actual_value":0.7,"level":"critical","values":[],"is_member_of_frames":[],"is_mutually_exclusive_with":[],"gridable":true},{"__meta":{"schema_version":3,"schema_name":"ModelParameterSchemaV3","schema_type":"Iced"},"name":"col_sample_rate_change_per_level","label":"col_sample_rate_change_per_level","help":"Relative change of the column sampling rate for every level (must be > 0.0 and <= 2.0)","required":false,"type":"double","default_value":1.0,"actual_value":1.0,"level":"expert","values":[],"is_member_of_frames":[],"is_mutually_exclusive_with":[],"gridable":true},{"__meta":{"schema_version":3,"schema_name":"ModelParameterSchemaV3","schema_type":"Iced"},"name":"col_sample_rate_per_tree","label":"col_sample_rate_per_tree","help":"Column sample rate per tree (from 0.0 to 1.0)","required":false,"type":"double","default_value":1.0,"actual_value":0.7,"level":"secondary","values":[],"is_member_of_frames":[],"is_mutually_exclusive_with":[],"gridable":true},{"__meta":{"schema_version":3,"schema_name":"ModelParameterSchemaV3","schema_type":"Iced"},"name":"min_split_improvement","label":"min_split_improvement","help":"Minimum relative improvement in squared error reduction for a split to happen","required":false,"type":"double","default_value":1.0E-5,"actual_value":1.0E-4,"level":"secondary","values":[],"is_member_of_frames":[],"is_mutually_exclusive_with":[],"gridable":true},{"__meta":{"schema_version":3,"schema_name":"ModelParameterSchemaV3","schema_type":"Iced"},"name":"histogram_type","label":"histogram_type","help":"What type of histogram to use for finding optimal split points","required":false,"type":"enum","default_value":"AUTO","actual_value":"AUTO","level":"secondary","values":["AUTO","UniformAdaptive","Random","QuantilesGlobal","RoundRobin"],"is_member_of_frames":[],"is_mutually_exclusive_with":[],"gridable":true},{"__meta":{"schema_version":3,"schema_name":"ModelParameterSchemaV3","schema_type":"Iced"},"name":"max_abs_leafnode_pred","label":"max_abs_leafnode_pred","help":"Maximum absolute value of a leaf node prediction","required":false,"type":"double","default_value":1.7976931348623157E308,"actual_value":1.7976931348623157E308,"level":"expert","values":[],"is_member_of_frames":[],"is_mutually_exclusive_with":[],"gridable":true},{"__meta":{"schema_version":3,"schema_name":"ModelParameterSchemaV3","schema_type":"Iced"},"name":"pred_noise_bandwidth","label":"pred_noise_bandwidth","help":"Bandwidth (sigma) of Gaussian multiplicative noise ~N(1,sigma) for tree node predictions","required":false,"type":"double","default_value":0.0,"actual_value":0.0,"level":"expert","values":[],"is_member_of_frames":[],"is_mutually_exclusive_with":[],"gridable":true},{"__meta":{"schema_version":3,"schema_name":"ModelParameterSchemaV3","schema_type":"Iced"},"name":"categorical_encoding","label":"categorical_encoding","help":"Encoding scheme for categorical features","required":false,"type":"enum","default_value":"AUTO","actual_value":"AUTO","level":"secondary","values":["AUTO","Enum","OneHotInternal","OneHotExplicit","Binary","Eigen","LabelEncoder","SortByResponse","EnumLimited"],"is_member_of_frames":[],"is_mutually_exclusive_with":[],"gridable":true},{"__meta":{"schema_version":3,"schema_name":"ModelParameterSchemaV3","schema_type":"Iced"},"name":"calibrate_model","label":"calibrate_model","help":"Use Platt Scaling to calculate calibrated class probabilities. Calibration can provide more accurate estimates of class probabilities.","required":false,"type":"boolean","default_value":false,"actual_value":false,"level":"expert","values":[],"is_member_of_frames":[],"is_mutually_exclusive_with":[],"gridable":false},{"__meta":{"schema_version":3,"schema_name":"ModelParameterSchemaV3","schema_type":"Iced"},"name":"calibration_frame","label":"calibration_frame","help":"Calibration frame for Platt Scaling","required":false,"type":"Key<Frame>","default_value":null,"actual_value":null,"level":"expert","values":[],"is_member_of_frames":[],"is_mutually_exclusive_with":[],"gridable":false},{"__meta":{"schema_version":3,"schema_name":"ModelParameterSchemaV3","schema_type":"Iced"},"name":"custom_metric_func","label":"custom_metric_func","help":"Reference to custom evaluation function, format: `language:keyName=funcName`","required":false,"type":"string","default_value":null,"actual_value":null,"level":"secondary","values":[],"is_member_of_frames":[],"is_mutually_exclusive_with":[],"gridable":false},{"__meta":{"schema_version":3,"schema_name":"ModelParameterSchemaV3","schema_type":"Iced"},"name":"custom_distribution_func","label":"custom_distribution_func","help":"Reference to custom distribution, format: `language:keyName=funcName`","required":false,"type":"string","default_value":null,"actual_value":null,"level":"secondary","values":[],"is_member_of_frames":[],"is_mutually_exclusive_with":[],"gridable":false},{"__meta":{"schema_version":3,"schema_name":"ModelParameterSchemaV3","schema_type":"Iced"},"name":"export_checkpoints_dir","label":"export_checkpoints_dir","help":"Automatically export generated models to this directory.","required":false,"type":"string","default_value":null,"actual_value":"/home/kuba/Documents/NETS/Kaggle/h2o_AutoML_Python_v13_ready_to_deploy_3/export","level":"secondary","values":[],"is_member_of_frames":[],"is_mutually_exclusive_with":[],"gridable":false},{"__meta":{"schema_version":3,"schema_name":"ModelParameterSchemaV3","schema_type":"Iced"},"name":"monotone_constraints","label":"monotone_constraints","help":"A mapping representing monotonic constraints. Use +1 to enforce an increasing constraint and -1 to specify a decreasing constraint.","required":false,"type":"KeyValue[]","default_value":null,"actual_value":null,"level":"secondary","values":[],"is_member_of_frames":[],"is_mutually_exclusive_with":[],"gridable":false},{"__meta":{"schema_version":3,"schema_name":"ModelParameterSchemaV3","schema_type":"Iced"},"name":"check_constant_response","label":"check_constant_response","help":"Check if response column is constant. If enabled, then an exception is thrown if the response column is a constant value.If disabled, then model will train regardless of the response column being a constant value or not.","required":false,"type":"boolean","default_value":true,"actual_value":true,"level":"expert","values":[],"is_member_of_frames":[],"is_mutually_exclusive_with":[],"gridable":false}],"output":{"__meta":{"schema_version":3,"schema_name":"GBMModelOutputV3","schema_type":"GBMOutput"},"names":["C_no","H_no","N_no","O_no","S_no","Aliphatic_atom_count","Aliphatic_bond_count","Aliphatic_ring_count","Aromatic_atom_count","Aromatic_bond_count","Aromatic_ring_count","Asymmetric_atom_count","Bond_count","Carboaromatic_ring_count","Carbo_ring_count","Chain_atom_count","Chiral_center_count","Cyclomatic_number","Balaban_index","Dreiding_energy","Fused_aliphatic_ring_count","Fused_aromatic_ring_count","Fused_ring_count","Heteroaliphatic_ring_count","Heteroaromatic_ring_count","Hetero_ring_count","Hyper_wiener_index","Largest_ring_size","Mass","Maximal_projection_area","Maximal_projection_radius","Length_perpendicular_to_the_max_area","Minimal_projection_area","Minimal_projection_radius","Length_perpendicular_to_the_min_area","Platt_index","Randic_index","Szeged_index","Refractivity","Ring_atom_count","Ring_bond_count","Ring_count","Ring_count_of_atom","Ring_system_count","Rotatable_bond_count","Atom_count","Aliphatic_atom_count.1","Aromatic_atom_count.1","Bond_count.1","Aliphatic_bond_count.1","Aromatic_bond_count.1","Rotatable_bond_count.1","Ring_count.1","Aliphatic_ring_count.1","Aromatic_ring_count.1","Hetero_ring_count.1","Heteroaliphatic_ring_count.1","Heteroaromatic_ring_count.1","Ring_atom_count.1","Ring_bond_count.1","Chain_atom_count.1","Chain_bond_count","Largest_ring_size.1","Atom_count.1","Aliphatic_atom_count.2","Aromatic_atom_count.2","Bond_count.2","Aliphatic_bond_count.2","Aromatic_bond_count.2","Rotatable_bond_count.2","Ring_count.2","Aliphatic_ring_count.2","Aromatic_ring_count.2","Hetero_ring_count.2","Heteroaliphatic_ring_count.2","Heteroaromatic_ring_count.2","Ring_atom_count.2","Ring_bond_count.2","Chain_atom_count.2","Chain_bond_count.1","Largest_ring_size.2","van_der_Waals_volume","pI","Quaternary_structure","PLGA_visc","PLGA_Mw","La_to_Gly","PVA_conc_inner_phase","PVA_conc_outer_phase","PVA_Mw","Inner_phase_volume","Encaps_rate","Mean_part_size","Block_polymer","PLGA_conc","PLGA_to_Placticizer","diss_pH","diss_add","diss_add_conc","Prod_method","Atom_count.2","Aliphatic_atom_count.3","Bond_count.3","Aliphatic_bond_count.3","Rotatable_bond_count.3","Ring_count.3","Aliphatic_ring_count.3","Hetero_ring_count.3","Heteroaliphatic_ring_count.3","Ring_atom_count.3","Ring_bond_count.3","Chain_atom_count.3","Chain_bond_count.2","Smallest_ring_size","Largest_ring_size.3","Mass.1","molecular","a_xx_","a_yy_","a_zz_","a_yy_.1","ASA","ASA+","ASA-","ASA_H","ASA_P","Polar_surface_area","Asymmetric_atom_count.1","Bond_count.4","Chiral_center_count.1","Cyclomatic_number.1","Dreiding_energy.1","Fragment_count","Harary_index","Hyper_wiener_index.1","Maximal_projection_area.1","Maximal_projection_radius.1","Minimal_projection_area.1","Minimal_projection_radius.1","Van_der_Waals_surface_area__3D_","Platt_index.1","Randic_index.1","Szeged_index.1","Wiener_index","Wiener_polarity","Stereoisomer_count","count","Markush_library_size","pH_0_logd","pH_1_logd","pH_2_logd","pH_3_logd","pH_4_logd","pH_5_logd","pH_6_logd","pH_7_logd","pH_8_logd","pH_9_logd","pH_10_logd","pH_11_logd","pH_12_logd","pH_13_logd","pH_14_logd","logP","bpKa1","bpKa2","acceptorcount","donorcount","pH_0_msacc","pH_1_msacc","pH_2_msacc","pH_3_msacc","pH_4_msacc","pH_5_msacc","pH_6_msacc","pH_7_msacc","pH_8_msacc","pH_9_msacc","pH_10_msacc","pH_11_msacc","pH_12_msacc","pH_13_msacc","pH_14_msacc","pH_0_msdon","pH_1_msdon","pH_2_msdon","pH_3_msdon","pH_4_msdon","pH_5_msdon","pH_6_msdon","pH_7_msdon","pH_8_msdon","pH_9_msdon","pH_10_msdon","pH_11_msdon","pH_12_msdon","pH_13_msdon","pH_14_msdon","Atom_count.3","Aliphatic_atom_count.4","Aromatic_atom_count.3","Bond_count.5","Aliphatic_bond_count.4","Aromatic_bond_count.3","Rotatable_bond_count.4","Ring_count.4","Aliphatic_ring_count.4","Hetero_ring_count.4","Heteroaliphatic_ring_count.4","Ring_atom_count.4","Ring_bond_count.4","Chain_atom_count.4","Chain_bond_count.3","Smallest_ring_size.1","Largest_ring_size.4","Mass.2","molecular.1","a_xx_.1","a_yy_.2","a_zz_.1","a_yy_.3","ASA.1","ASA+.1","ASA-.1","ASA_H.1","ASA_P.1","Polar_surface_area.1","Asymmetric_atom_count.2","Bond_count.6","Chiral_center_count.2","Cyclomatic_number.2","Dreiding_energy.2","Fragment_count.1","Harary_index.1","Hyper_wiener_index.2","Maximal_projection_area.2","Maximal_projection_radius.2","Minimal_projection_area.2","Minimal_projection_radius.2","Van_der_Waals_surface_area__3D_.1","Platt_index.2","Randic_index.2","Szeged_index.2","Wiener_index.1","Wiener_polarity.1","Stereoisomer_count.1","count.1","Markush_library_size.1","pH_0_logd.1","pH_1_logd.1","pH_2_logd.1","pH_3_logd.1","pH_4_logd.1","pH_5_logd.1","pH_6_logd.1","pH_7_logd.1","pH_8_logd.1","pH_9_logd.1","pH_10_logd.1","pH_11_logd.1","pH_12_logd.1","pH_13_logd.1","pH_14_logd.1","logP.1","bpKa1.1","bpKa2.1","acceptorcount.1","donorcount.1","pH_0_msacc.1","pH_1_msacc.1","pH_2_msacc.1","pH_3_msacc.1","pH_4_msacc.1","pH_5_msacc.1","pH_6_msacc.1","pH_7_msacc.1","pH_8_msacc.1","pH_9_msacc.1","pH_10_msacc.1","pH_11_msacc.1","pH_12_msacc.1","pH_13_msacc.1","pH_14_msacc.1","pH_0_msdon.1","pH_1_msdon.1","pH_2_msdon.1","pH_3_msdon.1","pH_4_msdon.1","pH_5_msdon.1","pH_6_msdon.1","pH_7_msdon.1","pH_8_msdon.1","pH_9_msdon.1","pH_10_msdon.1","pH_11_msdon.1","pH_12_msdon.1","pH_13_msdon.1","pH_14_msdon.1","Time_Days","Q_perc"],"column_types":["Numeric","Numeric","Numeric","Numeric","Numeric","Numeric","Numeric","Numeric","Numeric","Numeric","Numeric","Numeric","Numeric","Numeric","Numeric","Numeric","Numeric","Numeric","Numeric","Numeric","Numeric","Numeric","Numeric","Numeric","Numeric","Numeric","Numeric","Numeric","Numeric","Numeric","Numeric","Numeric","Numeric","Numeric","Numeric","Numeric","Numeric","Numeric","Numeric","Numeric","Numeric","Numeric","Numeric","Numeric","Numeric","Numeric","Numeric","Numeric","Numeric","Numeric","Numeric","Numeric","Numeric","Numeric","Numeric","Numeric","Numeric","Numeric","Numeric","Numeric","Numeric","Numeric","Numeric","Numeric","Numeric","Numeric","Numeric","Numeric","Numeric","Numeric","Numeric","Numeric","Numeric","Numeric","Numeric","Numeric","Numeric","Numeric","Numeric","Numeric","Numeric","Numeric","Numeric","Numeric","Numeric","Numeric","Numeric","Numeric","Numeric","Numeric","Numeric","Numeric","Numeric","Numeric","Numeric","Numeric","Numeric","Numeric","Numeric","Numeric","Numeric","Numeric","Numeric","Numeric","Numeric","Numeric","Numeric","Numeric","Numeric","Numeric","Numeric","Numeric","Numeric","Numeric","Numeric","Numeric","Numeric","Numeric","Numeric","Numeric","Numeric","Numeric","Numeric","Numeric","Numeric","Numeric","Numeric","Numeric","Numeric","Numeric","Numeric","Numeric","Numeric","Numeric","Numeric","Numeric","Numeric","Numeric","Numeric","Numeric","Numeric","Numeric","Numeric","Numeric","Numeric","Numeric","Numeric","Numeric","Numeric","Numeric","Numeric","Numeric","Numeric","Numeric","Numeric","Numeric","Numeric","Numeric","Numeric","Numeric","Numeric","Numeric","Numeric","Numeric","Numeric","Numeric","Numeric","Numeric","Numeric","Numeric","Numeric","Numeric","Numeric","Numeric","Numeric","Numeric","Numeric","Numeric","Numeric","Numeric","Numeric","Numeric","Numeric","Numeric","Numeric","Numeric","Numeric","Numeric","Numeric","Numeric","Numeric","Numeric","Numeric","Numeric","Numeric","Numeric","Numeric","Numeric","Numeric","Numeric","Numeric","Numeric","Numeric","Numeric","Numeric","Numeric","Numeric","Numeric","Numeric","Numeric","Numeric","Numeric","Numeric","Numeric","Numeric","Numeric","Numeric","Numeric","Numeric","Numeric","Numeric","Numeric","Numeric","Numeric","Numeric","Numeric","Numeric","Numeric","Numeric","Numeric","Numeric","Numeric","Numeric","Numeric","Numeric","Numeric","Numeric","Numeric","Numeric","Numeric","Numeric","Numeric","Numeric","Numeric","Numeric","Numeric","Numeric","Numeric","Numeric","Numeric","Numeric","Numeric","Numeric","Numeric","Numeric","Numeric","Numeric","Numeric","Numeric","Numeric","Numeric","Numeric","Numeric","Numeric","Numeric","Numeric","Numeric","Numeric","Numeric","Numeric","Numeric","Numeric","Numeric","Numeric","Numeric","Numeric","Numeric","Numeric","Numeric","Numeric","Numeric","Numeric","Numeric","Numeric","Numeric","Numeric","Numeric","Numeric","Numeric","Numeric","Numeric","Numeric","Numeric","Numeric","Numeric","Numeric","Numeric","Numeric","Numeric","Numeric"],"domains":[null,null,null,null,null,null,null,null,null,null,null,null,null,null,null,null,null,null,null,null,null,null,null,null,null,null,null,null,null,null,null,null,null,null,null,null,null,null,null,null,null,null,null,null,null,null,null,null,null,null,null,null,null,null,null,null,null,null,null,null,null,null,null,null,null,null,null,null,null,null,null,null,null,null,null,null,null,null,null,null,null,null,null,null,null,null,null,null,null,null,null,null,null,null,null,null,null,null,null,null,null,null,null,null,null,null,null,null,null,null,null,null,null,null,null,null,null,null,null,null,null,null,null,null,null,null,null,null,null,null,null,null,null,null,null,null,null,null,null,null,null,null,null,null,null,null,null,null,null,null,null,null,null,null,null,null,null,null,null,null,null,null,null,null,null,null,null,null,null,null,null,null,null,null,null,null,null,null,null,null,null,null,null,null,null,null,null,null,null,null,null,null,null,null,null,null,null,null,null,null,null,null,null,null,null,null,null,null,null,null,null,null,null,null,null,null,null,null,null,null,null,null,null,null,null,null,null,null,null,null,null,null,null,null,null,null,null,null,null,null,null,null,null,null,null,null,null,null,null,null,null,null,null,null,null,null,null,null,null,null,null,null,null,null,null,null,null,null,null,null,null,null,null,null,null,null,null,null,null,null,null,null,null,null,null,null,null,null,null,null,null,null,null,null,null,null,null,null,null,null],"cross_validation_models":[{"__meta":{"schema_version":3,"schema_name":"ModelKeyV3","schema_type":"Key<Model>"},"name":"GBM_grid_1_AutoML_20191030_224221_model_62_cv_1","type":"Key<Model>","URL":"/3/Models/GBM_grid_1_AutoML_20191030_224221_model_62_cv_1"},{"__meta":{"schema_version":3,"schema_name":"ModelKeyV3","schema_type":"Key<Model>"},"name":"GBM_grid_1_AutoML_20191030_224221_model_62_cv_2","type":"Key<Model>","URL":"/3/Models/GBM_grid_1_AutoML_20191030_224221_model_62_cv_2"},{"__meta":{"schema_version":3,"schema_name":"ModelKeyV3","schema_type":"Key<Model>"},"name":"GBM_grid_1_AutoML_20191030_224221_model_62_cv_3","type":"Key<Model>","URL":"/3/Models/GBM_grid_1_AutoML_20191030_224221_model_62_cv_3"},{"__meta":{"schema_version":3,"schema_name":"ModelKeyV3","schema_type":"Key<Model>"},"name":"GBM_grid_1_AutoML_20191030_224221_model_62_cv_4","type":"Key<Model>","URL":"/3/Models/GBM_grid_1_AutoML_20191030_224221_model_62_cv_4"},{"__meta":{"schema_version":3,"schema_name":"ModelKeyV3","schema_type":"Key<Model>"},"name":"GBM_grid_1_AutoML_20191030_224221_model_62_cv_5","type":"Key<Model>","URL":"/3/Models/GBM_grid_1_AutoML_20191030_224221_model_62_cv_5"}],"cross_validation_predictions":[{"__meta":{"schema_version":3,"schema_name":"FrameKeyV3","schema_type":"Key<Frame>"},"name":"prediction_GBM_grid_1_AutoML_20191030_224221_model_62_cv_1","type":"Key<Frame>","URL":"/3/Frames/prediction_GBM_grid_1_AutoML_20191030_224221_model_62_cv_1"},{"__meta":{"schema_version":3,"schema_name":"FrameKeyV3","schema_type":"Key<Frame>"},"name":"prediction_GBM_grid_1_AutoML_20191030_224221_model_62_cv_2","type":"Key<Frame>","URL":"/3/Frames/prediction_GBM_grid_1_AutoML_20191030_224221_model_62_cv_2"},{"__meta":{"schema_version":3,"schema_name":"FrameKeyV3","schema_type":"Key<Frame>"},"name":"prediction_GBM_grid_1_AutoML_20191030_224221_model_62_cv_3","type":"Key<Frame>","URL":"/3/Frames/prediction_GBM_grid_1_AutoML_20191030_224221_model_62_cv_3"},{"__meta":{"schema_version":3,"schema_name":"FrameKeyV3","schema_type":"Key<Frame>"},"name":"prediction_GBM_grid_1_AutoML_20191030_224221_model_62_cv_4","type":"Key<Frame>","URL":"/3/Frames/prediction_GBM_grid_1_AutoML_20191030_224221_model_62_cv_4"},{"__meta":{"schema_version":3,"schema_name":"FrameKeyV3","schema_type":"Key<Frame>"},"name":"prediction_GBM_grid_1_AutoML_20191030_224221_model_62_cv_5","type":"Key<Frame>","URL":"/3/Frames/prediction_GBM_grid_1_AutoML_20191030_224221_model_62_cv_5"}],"cross_validation_holdout_predictions_frame_id":{"__meta":{"schema_version":3,"schema_name":"FrameKeyV3","schema_type":"Key<Frame>"},"name":"cv_holdout_prediction_GBM_grid_1_AutoML_20191030_224221_model_62","type":"Key<Frame>","URL":"/3/Frames/cv_holdout_prediction_GBM_grid_1_AutoML_20191030_224221_model_62"},"cross_validation_fold_assignment_frame_id":{"__meta":{"schema_version":3,"schema_name":"FrameKeyV3","schema_type":"Key<Frame>"},"name":"cv_fold_assignment_GBM_grid_1_AutoML_20191030_224221_model_62","type":"Key<Frame>","URL":"/3/Frames/cv_fold_assignment_GBM_grid_1_AutoML_20191030_224221_model_62"},"model_category":"Regression","model_summary":{"__meta":{"schema_version":3,"schema_name":"TwoDimTableV3","schema_type":"TwoDimTable"},"name":"Model Summary","description":"","columns":[{"__meta":{"schema_version":-1,"schema_name":"ColumnSpecsBase","schema_type":"Iced"},"name":"","type":"string","format":"%s","description":""},{"__meta":{"schema_version":-1,"schema_name":"ColumnSpecsBase","schema_type":"Iced"},"name":"number_of_trees","type":"long","format":"%d","description":"Number of Trees"},{"__meta":{"schema_version":-1,"schema_name":"ColumnSpecsBase","schema_type":"Iced"},"name":"number_of_internal_trees","type":"long","format":"%d","description":"Number of Internal Trees"},{"__meta":{"schema_version":-1,"schema_name":"ColumnSpecsBase","schema_type":"Iced"},"name":"model_size_in_bytes","type":"long","format":"%d","description":"Model Size in Bytes"},{"__meta":{"schema_version":-1,"schema_name":"ColumnSpecsBase","schema_type":"Iced"},"name":"min_depth","type":"long","format":"%d","description":"Min. Depth"},{"__meta":{"schema_version":-1,"schema_name":"ColumnSpecsBase","schema_type":"Iced"},"name":"max_depth","type":"long","format":"%d","description":"Max. Depth"},{"__meta":{"schema_version":-1,"schema_name":"ColumnSpecsBase","schema_type":"Iced"},"name":"mean_depth","type":"double","format":"%.5f","description":"Mean Depth"},{"__meta":{"schema_version":-1,"schema_name":"ColumnSpecsBase","schema_type":"Iced"},"name":"min_leaves","type":"long","format":"%d","description":"Min. Leaves"},{"__meta":{"schema_version":-1,"schema_name":"ColumnSpecsBase","schema_type":"Iced"},"name":"max_leaves","type":"long","format":"%d","description":"Max. Leaves"},{"__meta":{"schema_version":-1,"schema_name":"ColumnSpecsBase","schema_type":"Iced"},"name":"mean_leaves","type":"double","format":"%.5f","description":"Mean Leaves"}],"rowcount":1,"data":[[""],[92],[92],[19182],[5],[11],[7.304348],[9],[14],[11.967391]]},"scoring_history":{"__meta":{"schema_version":3,"schema_name":"TwoDimTableV3","schema_type":"TwoDimTable"},"name":"Scoring History","description":"","columns":[{"__meta":{"schema_version":-1,"schema_name":"ColumnSpecsBase","schema_type":"Iced"},"name":"","type":"string","format":"%s","description":""},{"__meta":{"schema_version":-1,"schema_name":"ColumnSpecsBase","schema_type":"Iced"},"name":"timestamp","type":"string","format":"%s","description":"Timestamp"},{"__meta":{"schema_version":-1,"schema_name":"ColumnSpecsBase","schema_type":"Iced"},"name":"duration","type":"string","format":"%s","description":"Duration"},{"__meta":{"schema_version":-1,"schema_name":"ColumnSpecsBase","schema_type":"Iced"},"name":"number_of_trees","type":"long","format":"%d","description":"Number of Trees"},{"__meta":{"schema_version":-1,"schema_name":"ColumnSpecsBase","schema_type":"Iced"},"name":"training_rmse","type":"double","format":"%.5f","description":"Training RMSE"},{"__meta":{"schema_version":-1,"schema_name":"ColumnSpecsBase","schema_type":"Iced"},"name":"training_mae","type":"double","format":"%.5f","description":"Training MAE"},{"__meta":{"schema_version":-1,"schema_name":"ColumnSpecsBase","schema_type":"Iced"},"name":"training_deviance","type":"double","format":"%.5f","description":"Training Deviance"}],"rowcount":20,"data":[["","","","","","","","","","","","","","","","","","","",""],["2019-10-30 22:51:52","2019-10-30 22:51:52","2019-10-30 22:51:52","2019-10-30 22:51:52","2019-10-30 22:51:52","2019-10-30 22:51:52","2019-10-30 22:51:52","2019-10-30 22:51:52","2019-10-30 22:51:53","2019-10-30 22:51:53","2019-10-30 22:51:53","2019-10-30 22:51:53","2019-10-30 22:51:53","2019-10-30 22:51:53","2019-10-30 22:51:53","2019-10-30 22:51:53","2019-10-30 22:51:53","2019-10-30 22:51:53","2019-10-30 22:51:53","2019-10-30 22:51:53"],[" 3 min  2.653 sec"," 3 min  2.688 sec"," 3 min  2.721 sec"," 3 min  2.755 sec"," 3 min  2.789 sec"," 3 min  2.823 sec"," 3 min  2.857 sec"," 3 min  2.891 sec"," 3 min  2.927 sec"," 3 min  2.959 sec"," 3 min  2.990 sec"," 3 min  3.020 sec"," 3 min  3.051 sec"," 3 min  3.083 sec"," 3 min  3.113 sec"," 3 min  3.146 sec"," 3 min  3.177 sec"," 3 min  3.210 sec"," 3 min  3.242 sec"," 3 min  3.255 sec"],[0,5,10,15,20,25,30,35,40,45,50,55,60,65,70,75,80,85,90,92],[30.564451590952817,23.024421767209382,18.78105505303914,16.455638771226024,13.951400915014315,12.163118636502068,11.0017722424376,10.063789794627342,9.321020846374354,8.66886397342858,8.323196634174588,7.993988854582463,7.6737262766080585,7.430698950713907,7.282769123002012,7.0889982400128275,6.966125559926747,6.875626326830962,6.764524431206737,6.720089790281512],[26.78430698190606,19.981818817611924,15.93929728350245,13.581516852056174,11.222417395814022,9.515435067782725,8.302855104656148,7.395353525204766,6.7070680250574775,6.124446536253269,5.82605583806123,5.568390804798083,5.3182346940152625,5.103054354793596,4.993156035955911,4.847715097262447,4.748169978198252,4.684715325671031,4.590820691387232,4.568694417581971],[934.1857010556981,530.1239977143453,352.72802890528703,270.78804736907716,194.64158749146227,147.94145496562393,121.03899247447046,101.27986503044544,86.8814296185453,75.14920258980794,69.27560221113518,63.90385780718864,58.88607496830498,55.21528689614076,53.03872609895149,50.25389604690497,48.52690531666473,47.27423738621103,45.75879078039282,45.15960678944581]]},"training_metrics":{"__meta":{"schema_version":3,"schema_name":"ModelMetricsRegressionV3","schema_type":"ModelMetricsRegression"},"model":{"__meta":{"schema_version":3,"schema_name":"ModelKeyV3","schema_type":"Key<Model>"},"name":"GBM_grid_1_AutoML_20191030_224221_model_62","type":"Key<Model>","URL":"/3/Models/GBM_grid_1_AutoML_20191030_224221_model_62"},"model_checksum":7707864948706804784,"frame":{"__meta":{"schema_version":3,"schema_name":"FrameKeyV3","schema_type":"Key<Frame>"},"name":"automl_training_Key_Frame__upload_ab30b881cc437b4c5e5038a7421741c3.hex","type":"Key<Frame>","URL":"/3/Frames/automl_training_Key_Frame__upload_ab30b881cc437b4c5e5038a7421741c3.hex"},"frame_checksum":8145059570137938656,"description":null,"model_category":"Regression","scoring_time":1572472313360,"predictions":null,"MSE":45.15960678944581,"RMSE":6.720089790281512,"nobs":532,"custom_metric_name":null,"custom_metric_value":0.0,"r2":0.9516588546170077,"mean_residual_deviance":45.15960678944581,"mae":4.568694417581971,"rmsle":"NaN"},"validation_metrics":null,"cross_validation_metrics":{"__meta":{"schema_version":3,"schema_name":"ModelMetricsRegressionV3","schema_type":"ModelMetricsRegression"},"model":{"__meta":{"schema_version":3,"schema_name":"ModelKeyV3","schema_type":"Key<Model>"},"name":"GBM_grid_1_AutoML_20191030_224221_model_62","type":"Key<Model>","URL":"/3/Models/GBM_grid_1_AutoML_20191030_224221_model_62"},"model_checksum":7707864948706804784,"frame":{"__meta":{"schema_version":3,"schema_name":"FrameKeyV3","schema_type":"Key<Frame>"},"name":"automl_training_Key_Frame__upload_ab30b881cc437b4c5e5038a7421741c3.hex","type":"Key<Frame>","URL":"/3/Frames/automl_training_Key_Frame__upload_ab30b881cc437b4c5e5038a7421741c3.hex"},"frame_checksum":8145059570137938656,"description":"5-fold cross-validation on training data (Metrics computed for combined holdout predictions)","model_category":"Regression","scoring_time":1572472313362,"predictions":null,"MSE":78.0208089463418,"RMSE":8.832938862368618,"nobs":532,"custom_metric_name":null,"custom_metric_value":0.0,"r2":0.9164825485359359,"mean_residual_deviance":78.0208089463418,"mae":6.128217904612074,"rmsle":"NaN"},"cross_validation_metrics_summary":{"__meta":{"schema_version":3,"schema_name":"TwoDimTableV3","schema_type":"TwoDimTable"},"name":"Cross-Validation Metrics Summary","description":"","columns":[{"__meta":{"schema_version":-1,"schema_name":"ColumnSpecsBase","schema_type":"Iced"},"name":"","type":"string","format":"%s","description":""},{"__meta":{"schema_version":-1,"schema_name":"ColumnSpecsBase","schema_type":"Iced"},"name":"mean","type":"string","format":"%s","description":"mean"},{"__meta":{"schema_version":-1,"schema_name":"ColumnSpecsBase","schema_type":"Iced"},"name":"sd","type":"string","format":"%s","description":"sd"},{"__meta":{"schema_version":-1,"schema_name":"ColumnSpecsBase","schema_type":"Iced"},"name":"cv_1_valid","type":"string","format":"%s","description":"cv_1_valid"},{"__meta":{"schema_version":-1,"schema_name":"ColumnSpecsBase","schema_type":"Iced"},"name":"cv_2_valid","type":"string","format":"%s","description":"cv_2_valid"},{"__meta":{"schema_version":-1,"schema_name":"ColumnSpecsBase","schema_type":"Iced"},"name":"cv_3_valid","type":"string","format":"%s","description":"cv_3_valid"},{"__meta":{"schema_version":-1,"schema_name":"ColumnSpecsBase","schema_type":"Iced"},"name":"cv_4_valid","type":"string","format":"%s","description":"cv_4_valid"},{"__meta":{"schema_version":-1,"schema_name":"ColumnSpecsBase","schema_type":"Iced"},"name":"cv_5_valid","type":"string","format":"%s","description":"cv_5_valid"}],"rowcount":7,"data":[["mae","mean_residual_deviance","mse","r2","residual_deviance","rmse","rmsle"],["6.127851","78.00192","78.00192","0.9163408","78.00192","8.778902","NaN"],["0.5339446","17.655182","17.655182","0.017989814","17.655182","1.0798191","0.0"],["6.395864","80.17679","80.17679","0.90785664","80.17679","8.954149","NaN"],["6.0550714","85.874794","85.874794","0.916073","85.874794","9.266865","NaN"],["6.6514378","93.53132","93.53132","0.90509635","93.53132","9.671159","NaN"],["5.253288","47.722603","47.722603","0.9475064","47.722603","6.908155","NaN"],["6.283593","82.70411","82.70411","0.9051717","82.70411","9.09418","NaN"]]},"status":null,"start_time":1572472312758,"end_time":1572472313362,"run_time":604,"help":{"validation_metrics":"Validation data model metrics", "cross_validation_metrics_summary":"Cross-validation model metrics summary", "run_time":"Runtime in milliseconds", "status":"Job status", "domains":"Domains for categorical columns", "model_category":"Category of the model (e.g., Binomial)", "__meta":"Metadata on this schema instance, to make it self-describing.", "variable_importances":"Variable Importances", "model_summary":"Model summary", "scoring_history":"Scoring history", "help":"Help information for output fields", "end_time":"End time in milliseconds", "names":"Column names", "column_types":"Column types", "cross_validation_fold_assignment_frame_id":"Cross-validation fold assignment (each row is assigned to one holdout fold)", "start_time":"Start time in milliseconds", "training_metrics":"Training data model metrics", "cross_validation_models":"Cross-validation models (model ids)", "cross_validation_metrics":"Cross-validation model metrics", "cross_validation_predictions":"Cross-validation predictions, one per cv model (deprecated, use cross_validation_holdout_predictions_frame_id instead)", "init_f":"The Intercept term, the initial model function value to which trees make adjustments", "cross_validation_holdout_predictions_frame_id":"Cross-validation holdout predictions (full out-of-sample predictions on training data)"},"variable_importances":{"__meta":{"schema_version":3,"schema_name":"TwoDimTableV3","schema_type":"TwoDimTable"},"name":"Variable Importances","description":"","columns":[{"__meta":{"schema_version":-1,"schema_name":"ColumnSpecsBase","schema_type":"Iced"},"name":"variable","type":"string","format":"%s","description":"Variable"},{"__meta":{"schema_version":-1,"schema_name":"ColumnSpecsBase","schema_type":"Iced"},"name":"relative_importance","type":"double","format":"%5f","description":"Relative Importance"},{"__meta":{"schema_version":-1,"schema_name":"ColumnSpecsBase","schema_type":"Iced"},"name":"scaled_importance","type":"double","format":"%5f","description":"Scaled Importance"},{"__meta":{"schema_version":-1,"schema_name":"ColumnSpecsBase","schema_type":"Iced"},"name":"percentage","type":"double","format":"%5f","description":"Percentage"}],"rowcount":299,"data":[["Time_Days","Prod_method","Encaps_rate","Hyper_wiener_index","Mean_part_size","pI","PVA_conc_inner_phase","PVA_Mw","PLGA_Mw","S_no","PLGA_visc","PLGA_to_Placticizer","pH_0_logd","Carboaromatic_ring_count","pH_14_logd","pH_4_logd","Ring_atom_count.2","Wiener_index","diss_add_conc","pH_9_logd","Dreiding_energy","Minimal_projection_radius.1","Inner_phase_volume","Fused_ring_count","PLGA_conc","Quaternary_structure","Balaban_index","pH_13_logd","Aromatic_atom_count","PVA_conc_outer_phase","Asymmetric_atom_count.1","Heteroaromatic_ring_count","Ring_system_count","Carbo_ring_count","diss_add","Heteroaliphatic_ring_count","Fused_aromatic_ring_count","Ring_count.2","Aromatic_bond_count","diss_pH","Aliphatic_bond_count.1","Maximal_projection_radius","Heteroaromatic_ring_count.2","Polar_surface_area","Heteroaromatic_ring_count.1","Harary_index","Hyper_wiener_index.1","Szeged_index.1","bpKa1","Aromatic_atom_count.1","Ring_atom_count.1","Aliphatic_ring_count","pH_14_msacc","Aromatic_ring_count","Randic_index","Markush_library_size","Stereoisomer_count","Cyclomatic_number","a_xx_","Chiral_center_count","pH_8_logd","Minimal_projection_area.1","pH_5_logd","pH_0_msdon","Aromatic_atom_count.2","Chain_atom_count.2","La_to_Gly","Asymmetric_atom_count","pH_12_logd","Ring_count.1","pH_10_msacc","Aromatic_ring_count.2","Platt_index","Aliphatic_atom_count","pH_5_msacc","a_zz_","pH_12_msacc","Aromatic_ring_count.1","pH_11_msdon","Chain_atom_count","pH_7_logd","pH_1_logd","pH_14_msdon","Ring_bond_count.1","pH_8_msacc","pH_7_msacc","Dreiding_energy.1","C_no","Minimal_projection_area","Maximal_projection_radius.1","O_no","Aromatic_bond_count.2","pH_6_logd","Rotatable_bond_count.2","Mass.1","pH_8_msdon","H_no","Ring_atom_count","molecular","bpKa2","ASA+","Heteroaliphatic_ring_count.1","pH_11_logd","Aliphatic_bond_count.2","Length_perpendicular_to_the_min_area","Ring_bond_count.3","ASA","Ring_bond_count","Bond_count.1","N_no","Chain_bond_count.2","Ring_count_of_atom","pH_10_msdon","Chain_bond_count.1","Minimal_projection_radius","Aliphatic_atom_count.1","Aliphatic_bond_count.3","Hetero_ring_count.2","pH_4_msdon","pH_2_logd","Smallest_ring_size","a_yy_.1","Largest_ring_size.2","Aliphatic_bond_count","Bond_count","Fused_aliphatic_ring_count","Hetero_ring_count","Largest_ring_size","Mass","Maximal_projection_area","Length_perpendicular_to_the_max_area","Szeged_index","Refractivity","Ring_count","Rotatable_bond_count","Atom_count","Aromatic_bond_count.1","Rotatable_bond_count.1","Aliphatic_ring_count.1","Hetero_ring_count.1","Chain_atom_count.1","Chain_bond_count","Largest_ring_size.1","Atom_count.1","Aliphatic_atom_count.2","Bond_count.2","Aliphatic_ring_count.2","Heteroaliphatic_ring_count.2","Ring_bond_count.2","van_der_Waals_volume","Block_polymer","Atom_count.2","Aliphatic_atom_count.3","Bond_count.3","Rotatable_bond_count.3","Ring_count.3","Aliphatic_ring_count.3","Hetero_ring_count.3","Heteroaliphatic_ring_count.3","Ring_atom_count.3","Chain_atom_count.3","Largest_ring_size.3","a_yy_","ASA-","ASA_H","ASA_P","Bond_count.4","Chiral_center_count.1","Cyclomatic_number.1","Fragment_count","Maximal_projection_area.1","Van_der_Waals_surface_area__3D_","Platt_index.1","Randic_index.1","Wiener_polarity","count","pH_3_logd","pH_10_logd","logP","acceptorcount","donorcount","pH_0_msacc","pH_1_msacc","pH_2_msacc","pH_3_msacc","pH_4_msacc","pH_6_msacc","pH_9_msacc","pH_11_msacc","pH_13_msacc","pH_1_msdon","pH_2_msdon","pH_3_msdon","pH_5_msdon","pH_6_msdon","pH_7_msdon","pH_9_msdon","pH_12_msdon","pH_13_msdon","Atom_count.3","Aliphatic_atom_count.4","Aromatic_atom_count.3","Bond_count.5","Aliphatic_bond_count.4","Aromatic_bond_count.3","Rotatable_bond_count.4","Ring_count.4","Aliphatic_ring_count.4","Hetero_ring_count.4","Heteroaliphatic_ring_count.4","Ring_atom_count.4","Ring_bond_count.4","Chain_atom_count.4","Chain_bond_count.3","Smallest_ring_size.1","Largest_ring_size.4","Mass.2","molecular.1","a_xx_.1","a_yy_.2","a_zz_.1","a_yy_.3","ASA.1","ASA+.1","ASA-.1","ASA_H.1","ASA_P.1","Polar_surface_area.1","Asymmetric_atom_count.2","Bond_count.6","Chiral_center_count.2","Cyclomatic_number.2","Dreiding_energy.2","Fragment_count.1","Harary_index.1","Hyper_wiener_index.2","Maximal_projection_area.2","Maximal_projection_radius.2","Minimal_projection_area.2","Minimal_projection_radius.2","Van_der_Waals_surface_area__3D_.1","Platt_index.2","Randic_index.2","Szeged_index.2","Wiener_index.1","Wiener_polarity.1","Stereoisomer_count.1","count.1","Markush_library_size.1","pH_0_logd.1","pH_1_logd.1","pH_2_logd.1","pH_3_logd.1","pH_4_logd.1","pH_5_logd.1","pH_6_logd.1","pH_7_logd.1","pH_8_logd.1","pH_9_logd.1","pH_10_logd.1","pH_11_logd.1","pH_12_logd.1","pH_13_logd.1","pH_14_logd.1","logP.1","bpKa1.1","bpKa2.1","acceptorcount.1","donorcount.1","pH_0_msacc.1","pH_1_msacc.1","pH_2_msacc.1","pH_3_msacc.1","pH_4_msacc.1","pH_5_msacc.1","pH_6_msacc.1","pH_7_msacc.1","pH_8_msacc.1","pH_9_msacc.1","pH_10_msacc.1","pH_11_msacc.1","pH_12_msacc.1","pH_13_msacc.1","pH_14_msacc.1","pH_0_msdon.1","pH_1_msdon.1","pH_2_msdon.1","pH_3_msdon.1","pH_4_msdon.1","pH_5_msdon.1","pH_6_msdon.1","pH_7_msdon.1","pH_8_msdon.1","pH_9_msdon.1","pH_10_msdon.1","pH_11_msdon.1","pH_12_msdon.1","pH_13_msdon.1","pH_14_msdon.1"],[972760.3125,325959.34375,169919.03125,153166.40625,131336.96875,74611.234375,74245.046875,30501.43359375,26452.69921875,19086.134765625,17181.6796875,16430.26953125,15992.359375,15190.9189453125,14451.5234375,14356.5751953125,13996.8974609375,12128.3701171875,11324.6123046875,11170.42578125,10757.1884765625,10686.994140625,10140.5849609375,9175.2294921875,9164.880859375,8511.4423828125,7514.14794921875,7277.8193359375,6813.94384765625,6798.158203125,6047.55419921875,5973.693359375,5380.42919921875,5075.7099609375,4968.93994140625,4761.84375,4597.8701171875,4479.484375,4411.2607421875,4336.2060546875,3893.564697265625,3611.209228515625,3561.465087890625,3496.035888671875,3334.859619140625,3292.023193359375,3073.59375,2989.7724609375,2768.167724609375,2584.394287109375,2539.76171875,2512.98046875,2440.201416015625,2354.3486328125,2013.197265625,1916.9853515625,1794.023193359375,1693.96484375,1653.5919189453125,1631.7503662109375,1608.723876953125,1600.3896484375,1598.12841796875,1541.51171875,1473.144775390625,1293.073486328125,1242.570068359375,1113.2452392578125,1111.4063720703125,1077.44287109375,1061.775634765625,838.582763671875,827.531005859375,767.8526611328125,558.5919189453125,524.529296875,483.3000183105469,477.1762390136719,475.618408203125,444.47906494140625,434.7942810058594,428.71026611328125,403.3096923828125,352.4231262207031,318.6001281738281,318.4474182128906,317.1626281738281,313.5874328613281,290.8431091308594,284.7762756347656,274.7842102050781,244.19143676757812,242.2957000732422,208.7758331298828,208.729248046875,202.82460021972656,199.93960571289062,186.53799438476562,167.6609649658203,158.91424560546875,139.9895782470703,137.5002899169922,128.59527587890625,120.79012298583984,119.83433532714844,114.97257995605469,101.44366455078125,93.70639038085938,81.8287124633789,78.84724426269531,67.70275115966797,60.9960823059082,52.33519744873047,42.531463623046875,38.5015754699707,28.793575286865234,24.587783813476562,22.47035789489746,17.831336975097656,11.091727256774902,8.175739288330078,5.8971476554870605,4.965018272399902,0.0,0.0,0.0,0.0,0.0,0.0,0.0,0.0,0.0,0.0,0.0,0.0,0.0,0.0,0.0,0.0,0.0,0.0,0.0,0.0,0.0,0.0,0.0,0.0,0.0,0.0,0.0,0.0,0.0,0.0,0.0,0.0,0.0,0.0,0.0,0.0,0.0,0.0,0.0,0.0,0.0,0.0,0.0,0.0,0.0,0.0,0.0,0.0,0.0,0.0,0.0,0.0,0.0,0.0,0.0,0.0,0.0,0.0,0.0,0.0,0.0,0.0,0.0,0.0,0.0,0.0,0.0,0.0,0.0,0.0,0.0,0.0,0.0,0.0,0.0,0.0,0.0,0.0,0.0,0.0,0.0,0.0,0.0,0.0,0.0,0.0,0.0,0.0,0.0,0.0,0.0,0.0,0.0,0.0,0.0,0.0,0.0,0.0,0.0,0.0,0.0,0.0,0.0,0.0,0.0,0.0,0.0,0.0,0.0,0.0,0.0,0.0,0.0,0.0,0.0,0.0,0.0,0.0,0.0,0.0,0.0,0.0,0.0,0.0,0.0,0.0,0.0,0.0,0.0,0.0,0.0,0.0,0.0,0.0,0.0,0.0,0.0,0.0,0.0,0.0,0.0,0.0,0.0,0.0,0.0,0.0,0.0,0.0,0.0,0.0,0.0,0.0,0.0,0.0,0.0,0.0,0.0,0.0,0.0,0.0,0.0,0.0,0.0,0.0,0.0,0.0,0.0,0.0,0.0,0.0,0.0,0.0,0.0,0.0,0.0,0.0],[1.0,0.33508700916496326,0.17467718313189304,0.15745544332124467,0.13501472774157816,0.07670053292290335,0.07632409126991394,0.03135554894849804,0.027193440027139266,0.019620593603961407,0.017662809087413297,0.016890357593870278,0.016440184873393465,0.015616302135385998,0.0148562017300639,0.014758594702960294,0.014388845105085946,0.012467994388070289,0.011641729374817087,0.011483225248511565,0.011058416280282302,0.010986256329844872,0.010424546345724296,0.009432158543359055,0.009421520123308895,0.008749783758075039,0.007724562621091462,0.007481616223870667,0.007004751078037274,0.006988523396532997,0.00621690062958726,0.006140971504092895,0.005531094484509769,0.0052178423561431014,0.005108082512778552,0.0048951871173300975,0.004726621818452837,0.00460492098355421,0.004534786920788876,0.004457630516959953,0.004002594110011684,0.003712331991870428,0.0036611948926428112,0.0035939335145027053,0.003428243911976646,0.003384207960642283,0.003159661954239113,0.0030734934623861928,0.002845683246981126,0.002656763700060363,0.0026108813097265415,0.0025833501186860973,0.0025085330730077716,0.002420276200168785,0.0020695717534477435,0.0019706656685405223,0.0018442602666927522,0.0017414000365583377,0.0016998965703026792,0.0016774434002322,0.0016537721124936673,0.0016452045050280564,0.001642879954530166,0.0015846778481209882,0.0015143964617600752,0.0013292827325622671,0.0012773650943529577,0.0011444188511317505,0.0011425284911284993,0.0011076139283732857,0.0010915079707938073,8.620651489334635E-4,8.507039146494528E-4,7.893544291084681E-4,5.742338701192773E-4,5.392174106352638E-4,4.968336106028656E-4,4.905383503849227E-4,4.889368964701929E-4,4.569255748099882E-4,4.4696959304233477E-4,4.4071521073006485E-4,4.1460335829933696E-4,3.6229184280244073E-4,3.2752171740541496E-4,3.273647311890005E-4,3.260439638606536E-4,3.2236865426325475E-4,2.989874333826293E-4,2.9275071358831326E-4,2.824788456869514E-4,2.5102939915384154E-4,2.490805771573274E-4,2.1462207128221302E-4,2.1457418170200585E-4,2.0850418917530268E-4,2.0553840770810706E-4,1.9176151821548087E-4,1.7235588542354344E-4,1.6336423635238383E-4,1.4390963164121718E-4,1.4135063709950872E-4,1.32196260709296E-4,1.2417254428833397E-4,1.2318999221830242E-4,1.181920957081138E-4,1.0428433731025725E-4,9.633040038407136E-5,8.412011819548704E-5,8.105516153311951E-5,6.959859514176877E-5,6.270412302198873E-5,5.380071203175291E-5,4.3722449483717884E-5,3.95797145249701E-5,2.9599866397576982E-5,2.5276302391784267E-5,2.3099583326080093E-5,1.8330658381067183E-5,1.1402322971286827E-5,8.404680149129828E-6,6.062282331740441E-6,5.1040510273695015E-6,0.0,0.0,0.0,0.0,0.0,0.0,0.0,0.0,0.0,0.0,0.0,0.0,0.0,0.0,0.0,0.0,0.0,0.0,0.0,0.0,0.0,0.0,0.0,0.0,0.0,0.0,0.0,0.0,0.0,0.0,0.0,0.0,0.0,0.0,0.0,0.0,0.0,0.0,0.0,0.0,0.0,0.0,0.0,0.0,0.0,0.0,0.0,0.0,0.0,0.0,0.0,0.0,0.0,0.0,0.0,0.0,0.0,0.0,0.0,0.0,0.0,0.0,0.0,0.0,0.0,0.0,0.0,0.0,0.0,0.0,0.0,0.0,0.0,0.0,0.0,0.0,0.0,0.0,0.0,0.0,0.0,0.0,0.0,0.0,0.0,0.0,0.0,0.0,0.0,0.0,0.0,0.0,0.0,0.0,0.0,0.0,0.0,0.0,0.0,0.0,0.0,0.0,0.0,0.0,0.0,0.0,0.0,0.0,0.0,0.0,0.0,0.0,0.0,0.0,0.0,0.0,0.0,0.0,0.0,0.0,0.0,0.0,0.0,0.0,0.0,0.0,0.0,0.0,0.0,0.0,0.0,0.0,0.0,0.0,0.0,0.0,0.0,0.0,0.0,0.0,0.0,0.0,0.0,0.0,0.0,0.0,0.0,0.0,0.0,0.0,0.0,0.0,0.0,0.0,0.0,0.0,0.0,0.0,0.0,0.0,0.0,0.0,0.0,0.0,0.0,0.0,0.0,0.0,0.0,0.0,0.0,0.0,0.0,0.0,0.0,0.0],[0.41615925664400644,0.13944956064515446,0.07269352668483758,0.06552654024712166,0.05618762873292808,0.031919636765394596,0.03176297708691668,0.013048901942071702,0.011316801787287646,0.008165291649138727,0.007350541500062919,0.007029078660716504,0.0068417351160014635,0.006498868688190447,0.006182545868536795,0.006141925800694127,0.005988051082898318,0.005188671276380975,0.004844813442674573,0.004778850483296258,0.004602062298862262,0.004572032267528752,0.004338271458087617,0.0039252800879527195,0.0039208528109727775,0.0036413035045563093,0.003214648238293501,0.0031135438462217553,0.0029150920016122943,0.002908338701740419,0.0025872207446386896,0.0025556221362153255,0.0023018161691013496,0.002171453396218124,0.002125775821394171,0.0020371774318814102,0.0019670274224046747,0.0019163804934203066,0.0018871935539944615,0.0018550842023316919,0.001665716589470141,0.001544921322152561,0.0015236401449510652,0.0014956486998234273,0.0014266954380025417,0.0014083694692296215,0.0013149225701224979,0.0012790627546068515,0.001184257424707968,0.0011056368064959008,0.0010865424250415274,0.001075085065043612,0.0010439492589298192,0.001007220344335422,8.612714424862459E-4,8.201107597136878E-4,7.675059816449328E-4,7.246997447339634E-4,7.07427693068859E-4,6.980835985030269E-4,6.882325729939527E-4,6.846670838398464E-4,6.836997006326129E-4,6.594783552942541E-4,6.302301057903864E-4,5.531933138528268E-4,5.315873081289279E-4,4.762604983763771E-4,4.7547380756263457E-4,4.6094378908037435E-4,4.542411457465588E-4,3.5875639155885484E-4,3.5402830874466253E-4,3.2849715244643413E-4,2.3897274052864933E-4,2.2440031677947733E-4,2.067619060642463E-4,2.0414207525156657E-4,2.0347561538086302E-4,1.9015380755456004E-4,1.860105335829721E-4,1.8340771448913045E-4,1.725410253919607E-4,1.5077110398885096E-4,1.3630119445020582E-4,1.3623586318307944E-4,1.356862136335149E-4,1.341566995235248E-4,1.2442638802241437E-4,1.2183091934891489E-4,1.175561864387387E-4,1.0446820814765427E-4,1.0365718783425347E-4,8.931696164420273E-5,8.929703195210272E-5,8.677094837435525E-5,8.553671096359856E-5,7.980333087348063E-5,7.172749715608138E-5,6.798553916262383E-5,5.988932532772173E-5,5.882437606148826E-5,5.50146975878979E-5,5.167555372662803E-5,5.1266655587549674E-5,4.91867346910859E-5,4.339889229464948E-5,4.008878781605465E-5,3.5007365857039846E-5,3.373185577078288E-5,2.8964099617665648E-5,2.609490122534516E-5,2.238966432605254E-5,1.8195502075799157E-5,1.647146457489354E-5,1.2318258396777541E-5,1.0518967214074062E-5,9.613105425767777E-6,7.628473165660144E-6,4.745182251745604E-6,3.4976854431925063E-6,2.522874908743196E-6,2.124098081423169E-6,0.0,0.0,0.0,0.0,0.0,0.0,0.0,0.0,0.0,0.0,0.0,0.0,0.0,0.0,0.0,0.0,0.0,0.0,0.0,0.0,0.0,0.0,0.0,0.0,0.0,0.0,0.0,0.0,0.0,0.0,0.0,0.0,0.0,0.0,0.0,0.0,0.0,0.0,0.0,0.0,0.0,0.0,0.0,0.0,0.0,0.0,0.0,0.0,0.0,0.0,0.0,0.0,0.0,0.0,0.0,0.0,0.0,0.0,0.0,0.0,0.0,0.0,0.0,0.0,0.0,0.0,0.0,0.0,0.0,0.0,0.0,0.0,0.0,0.0,0.0,0.0,0.0,0.0,0.0,0.0,0.0,0.0,0.0,0.0,0.0,0.0,0.0,0.0,0.0,0.0,0.0,0.0,0.0,0.0,0.0,0.0,0.0,0.0,0.0,0.0,0.0,0.0,0.0,0.0,0.0,0.0,0.0,0.0,0.0,0.0,0.0,0.0,0.0,0.0,0.0,0.0,0.0,0.0,0.0,0.0,0.0,0.0,0.0,0.0,0.0,0.0,0.0,0.0,0.0,0.0,0.0,0.0,0.0,0.0,0.0,0.0,0.0,0.0,0.0,0.0,0.0,0.0,0.0,0.0,0.0,0.0,0.0,0.0,0.0,0.0,0.0,0.0,0.0,0.0,0.0,0.0,0.0,0.0,0.0,0.0,0.0,0.0,0.0,0.0,0.0,0.0,0.0,0.0,0.0,0.0,0.0,0.0,0.0,0.0,0.0,0.0]]},"init_f":53.15236842105263},"compatible_frames":null}
