{"__meta":{"schema_version":3,"schema_name":"XGBoostModelV3","schema_type":"XGBoostModel"},"model_id":{"__meta":{"schema_version":3,"schema_name":"ModelKeyV3","schema_type":"Key<Model>"},"name":"XGBoost_grid__1_AutoML_20210217_124248_model_7","type":"Key<Model>","URL":"/3/Models/XGBoost_grid__1_AutoML_20210217_124248_model_7"},"algo":"xgboost","algo_full_name":"XGBoost","response_column_name":"Q_perc","data_frame":{"__meta":{"schema_version":3,"schema_name":"FrameKeyV3","schema_type":"Key<Frame>"},"name":"automl_training_Key_Frame__upload_8857ef1a3e7496a75c7eeab65eac48d5.hex","type":"Key<Frame>","URL":"/3/Frames/automl_training_Key_Frame__upload_8857ef1a3e7496a75c7eeab65eac48d5.hex"},"timestamp":1613562326984,"have_pojo":true,"have_mojo":true,"algo":"xgboost","algo_full_name":"XGBoost","model_id":{"__meta":{"schema_version":3,"schema_name":"ModelKeyV3","schema_type":"Key<Model>"},"name":"XGBoost_grid__1_AutoML_20210217_124248_model_7","type":"Key<Model>","URL":"/3/Models/XGBoost_grid__1_AutoML_20210217_124248_model_7"},"parameters":[{"__meta":{"schema_version":3,"schema_name":"ModelParameterSchemaV3","schema_type":"Iced"},"name":"model_id","label":"model_id","help":"Destination id for this model; auto-generated if not specified.","required":false,"type":"Key<Model>","default_value":null,"actual_value":{"__meta":{"schema_version":3,"schema_name":"ModelKeyV3","schema_type":"Key<Model>"},"name":"XGBoost_grid__1_AutoML_20210217_124248_model_7","type":"Key<Model>","URL":"/3/Models/XGBoost_grid__1_AutoML_20210217_124248_model_7"},"input_value":null,"level":"critical","values":[],"is_member_of_frames":[],"is_mutually_exclusive_with":[],"gridable":false},{"__meta":{"schema_version":3,"schema_name":"ModelParameterSchemaV3","schema_type":"Iced"},"name":"training_frame","label":"training_frame","help":"Id of the training data frame.","required":false,"type":"Key<Frame>","default_value":null,"actual_value":{"__meta":{"schema_version":3,"schema_name":"FrameKeyV3","schema_type":"Key<Frame>"},"name":"automl_training_Key_Frame__upload_8857ef1a3e7496a75c7eeab65eac48d5.hex","type":"Key<Frame>","URL":"/3/Frames/automl_training_Key_Frame__upload_8857ef1a3e7496a75c7eeab65eac48d5.hex"},"input_value":{"__meta":{"schema_version":3,"schema_name":"FrameKeyV3","schema_type":"Key<Frame>"},"name":"automl_training_Key_Frame__upload_8857ef1a3e7496a75c7eeab65eac48d5.hex","type":"Key<Frame>","URL":"/3/Frames/automl_training_Key_Frame__upload_8857ef1a3e7496a75c7eeab65eac48d5.hex"},"level":"critical","values":[],"is_member_of_frames":[],"is_mutually_exclusive_with":[],"gridable":false},{"__meta":{"schema_version":3,"schema_name":"ModelParameterSchemaV3","schema_type":"Iced"},"name":"validation_frame","label":"validation_frame","help":"Id of the validation data frame.","required":false,"type":"Key<Frame>","default_value":null,"actual_value":null,"input_value":null,"level":"critical","values":[],"is_member_of_frames":[],"is_mutually_exclusive_with":[],"gridable":true},{"__meta":{"schema_version":3,"schema_name":"ModelParameterSchemaV3","schema_type":"Iced"},"name":"nfolds","label":"nfolds","help":"Number of folds for K-fold cross-validation (0 to disable or >= 2).","required":false,"type":"int","default_value":0,"actual_value":5,"input_value":5,"level":"critical","values":[],"is_member_of_frames":[],"is_mutually_exclusive_with":[],"gridable":false},{"__meta":{"schema_version":3,"schema_name":"ModelParameterSchemaV3","schema_type":"Iced"},"name":"keep_cross_validation_models","label":"keep_cross_validation_models","help":"Whether to keep the cross-validation models.","required":false,"type":"boolean","default_value":true,"actual_value":true,"input_value":true,"level":"expert","values":[],"is_member_of_frames":[],"is_mutually_exclusive_with":[],"gridable":false},{"__meta":{"schema_version":3,"schema_name":"ModelParameterSchemaV3","schema_type":"Iced"},"name":"keep_cross_validation_predictions","label":"keep_cross_validation_predictions","help":"Whether to keep the predictions of the cross-validation models.","required":false,"type":"boolean","default_value":false,"actual_value":true,"input_value":true,"level":"expert","values":[],"is_member_of_frames":[],"is_mutually_exclusive_with":[],"gridable":false},{"__meta":{"schema_version":3,"schema_name":"ModelParameterSchemaV3","schema_type":"Iced"},"name":"keep_cross_validation_fold_assignment","label":"keep_cross_validation_fold_assignment","help":"Whether to keep the cross-validation fold assignment.","required":false,"type":"boolean","default_value":false,"actual_value":true,"input_value":true,"level":"expert","values":[],"is_member_of_frames":[],"is_mutually_exclusive_with":[],"gridable":false},{"__meta":{"schema_version":3,"schema_name":"ModelParameterSchemaV3","schema_type":"Iced"},"name":"score_each_iteration","label":"score_each_iteration","help":"Whether to score during each iteration of model training.","required":false,"type":"boolean","default_value":false,"actual_value":false,"input_value":false,"level":"secondary","values":[],"is_member_of_frames":[],"is_mutually_exclusive_with":[],"gridable":false},{"__meta":{"schema_version":3,"schema_name":"ModelParameterSchemaV3","schema_type":"Iced"},"name":"fold_assignment","label":"fold_assignment","help":"Cross-validation fold assignment scheme, if fold_column is not specified. The 'Stratified' option will stratify the folds based on the response variable, for classification problems.","required":false,"type":"enum","default_value":"AUTO","actual_value":"Modulo","input_value":"Modulo","level":"secondary","values":["AUTO","Random","Modulo","Stratified"],"is_member_of_frames":[],"is_mutually_exclusive_with":[],"gridable":true},{"__meta":{"schema_version":3,"schema_name":"ModelParameterSchemaV3","schema_type":"Iced"},"name":"fold_column","label":"fold_column","help":"Column with cross-validation fold index assignment per observation.","required":false,"type":"VecSpecifier","default_value":null,"actual_value":null,"input_value":null,"level":"secondary","values":[],"is_member_of_frames":["training_frame"],"is_mutually_exclusive_with":["response_column","weights_column","ignored_columns","offset_column"],"gridable":true},{"__meta":{"schema_version":3,"schema_name":"ModelParameterSchemaV3","schema_type":"Iced"},"name":"response_column","label":"response_column","help":"Response variable column.","required":false,"type":"VecSpecifier","default_value":null,"actual_value":{"__meta":{"schema_version":3,"schema_name":"ColSpecifierV3","schema_type":"VecSpecifier"},"column_name":"Q_perc","is_member_of_frames":null},"input_value":{"__meta":{"schema_version":3,"schema_name":"ColSpecifierV3","schema_type":"VecSpecifier"},"column_name":"Q_perc","is_member_of_frames":null},"level":"critical","values":[],"is_member_of_frames":["training_frame","validation_frame"],"is_mutually_exclusive_with":["weights_column","ignored_columns","offset_column","fold_column"],"gridable":true},{"__meta":{"schema_version":3,"schema_name":"ModelParameterSchemaV3","schema_type":"Iced"},"name":"ignored_columns","label":"ignored_columns","help":"Names of columns to ignore for training.","required":false,"type":"string[]","default_value":null,"actual_value":null,"input_value":null,"level":"critical","values":[],"is_member_of_frames":["training_frame","validation_frame"],"is_mutually_exclusive_with":["response_column","weights_column","offset_column","fold_column"],"gridable":false},{"__meta":{"schema_version":3,"schema_name":"ModelParameterSchemaV3","schema_type":"Iced"},"name":"ignore_const_cols","label":"ignore_const_cols","help":"Ignore constant columns.","required":false,"type":"boolean","default_value":true,"actual_value":true,"input_value":true,"level":"critical","values":[],"is_member_of_frames":[],"is_mutually_exclusive_with":[],"gridable":false},{"__meta":{"schema_version":3,"schema_name":"ModelParameterSchemaV3","schema_type":"Iced"},"name":"offset_column","label":"offset_column","help":"Offset column. This will be added to the combination of columns before applying the link function.","required":false,"type":"VecSpecifier","default_value":null,"actual_value":null,"input_value":null,"level":"secondary","values":[],"is_member_of_frames":["training_frame","validation_frame"],"is_mutually_exclusive_with":["response_column","weights_column","ignored_columns","fold_column"],"gridable":true},{"__meta":{"schema_version":3,"schema_name":"ModelParameterSchemaV3","schema_type":"Iced"},"name":"weights_column","label":"weights_column","help":"Column with observation weights. Giving some observation a weight of zero is equivalent to excluding it from the dataset; giving an observation a relative weight of 2 is equivalent to repeating that row twice. Negative weights are not allowed. Note: Weights are per-row observation weights and do not increase the size of the data frame. This is typically the number of times a row is repeated, but non-integer values are supported as well. During training, rows with higher weights matter more, due to the larger loss function pre-factor.","required":false,"type":"VecSpecifier","default_value":null,"actual_value":null,"input_value":null,"level":"secondary","values":[],"is_member_of_frames":["training_frame","validation_frame"],"is_mutually_exclusive_with":["response_column","ignored_columns","offset_column","fold_column"],"gridable":true},{"__meta":{"schema_version":3,"schema_name":"ModelParameterSchemaV3","schema_type":"Iced"},"name":"stopping_rounds","label":"stopping_rounds","help":"Early stopping based on convergence of stopping_metric. Stop if simple moving average of length k of the stopping_metric does not improve for k:=stopping_rounds scoring events (0 to disable)","required":false,"type":"int","default_value":0,"actual_value":0,"input_value":3,"level":"secondary","values":[],"is_member_of_frames":[],"is_mutually_exclusive_with":[],"gridable":true},{"__meta":{"schema_version":3,"schema_name":"ModelParameterSchemaV3","schema_type":"Iced"},"name":"stopping_metric","label":"stopping_metric","help":"Metric to use for early stopping (AUTO: logloss for classification, deviance for regression and anonomaly_score for Isolation Forest). Note that custom and custom_increasing can only be used in GBM and DRF with the Python client.","required":false,"type":"enum","default_value":"AUTO","actual_value":"RMSE","input_value":"RMSE","level":"secondary","values":["AUTO","deviance","logloss","MSE","RMSE","MAE","RMSLE","AUC","AUCPR","lift_top_group","misclassification","mean_per_class_error","anomaly_score","custom","custom_increasing"],"is_member_of_frames":[],"is_mutually_exclusive_with":[],"gridable":true},{"__meta":{"schema_version":3,"schema_name":"ModelParameterSchemaV3","schema_type":"Iced"},"name":"stopping_tolerance","label":"stopping_tolerance","help":"Relative tolerance for metric-based stopping criterion (stop if relative improvement is not at least this much)","required":false,"type":"double","default_value":0.001,"actual_value":0.04588314677411235,"input_value":0.04588314677411235,"level":"secondary","values":[],"is_member_of_frames":[],"is_mutually_exclusive_with":[],"gridable":true},{"__meta":{"schema_version":3,"schema_name":"ModelParameterSchemaV3","schema_type":"Iced"},"name":"max_runtime_secs","label":"max_runtime_secs","help":"Maximum allowed runtime in seconds for model training. Use 0 to disable.","required":false,"type":"double","default_value":0.0,"actual_value":0.0,"input_value":45.571,"level":"secondary","values":[],"is_member_of_frames":[],"is_mutually_exclusive_with":[],"gridable":true},{"__meta":{"schema_version":3,"schema_name":"ModelParameterSchemaV3","schema_type":"Iced"},"name":"seed","label":"seed","help":"Seed for pseudo random number generator (if applicable)","required":false,"type":"long","default_value":-1,"actual_value":73158465,"input_value":73158465,"level":"critical","values":[],"is_member_of_frames":[],"is_mutually_exclusive_with":[],"gridable":true},{"__meta":{"schema_version":3,"schema_name":"ModelParameterSchemaV3","schema_type":"Iced"},"name":"distribution","label":"distribution","help":"Distribution function","required":false,"type":"enum","default_value":"AUTO","actual_value":"gaussian","input_value":"AUTO","level":"secondary","values":["AUTO","bernoulli","quasibinomial","ordinal","multinomial","gaussian","poisson","gamma","tweedie","laplace","quantile","huber","custom"],"is_member_of_frames":[],"is_mutually_exclusive_with":[],"gridable":true},{"__meta":{"schema_version":3,"schema_name":"ModelParameterSchemaV3","schema_type":"Iced"},"name":"tweedie_power","label":"tweedie_power","help":"Tweedie power for Tweedie regression, must be between 1 and 2.","required":false,"type":"double","default_value":1.5,"actual_value":1.5,"input_value":1.5,"level":"secondary","values":[],"is_member_of_frames":[],"is_mutually_exclusive_with":[],"gridable":true},{"__meta":{"schema_version":3,"schema_name":"ModelParameterSchemaV3","schema_type":"Iced"},"name":"categorical_encoding","label":"categorical_encoding","help":"Encoding scheme for categorical features","required":false,"type":"enum","default_value":"AUTO","actual_value":"OneHotInternal","input_value":"AUTO","level":"secondary","values":["AUTO","Enum","OneHotInternal","OneHotExplicit","Binary","Eigen","LabelEncoder","SortByResponse","EnumLimited"],"is_member_of_frames":[],"is_mutually_exclusive_with":[],"gridable":true},{"__meta":{"schema_version":3,"schema_name":"ModelParameterSchemaV3","schema_type":"Iced"},"name":"quiet_mode","label":"quiet_mode","help":"Enable quiet mode","required":false,"type":"boolean","default_value":true,"actual_value":true,"input_value":true,"level":"expert","values":[],"is_member_of_frames":[],"is_mutually_exclusive_with":[],"gridable":false},{"__meta":{"schema_version":3,"schema_name":"ModelParameterSchemaV3","schema_type":"Iced"},"name":"checkpoint","label":"checkpoint","help":"Model checkpoint to resume training with.","required":false,"type":"Key<Model>","default_value":null,"actual_value":null,"input_value":null,"level":"secondary","values":[],"is_member_of_frames":[],"is_mutually_exclusive_with":[],"gridable":false},{"__meta":{"schema_version":3,"schema_name":"ModelParameterSchemaV3","schema_type":"Iced"},"name":"export_checkpoints_dir","label":"export_checkpoints_dir","help":"Automatically export generated models to this directory.","required":false,"type":"string","default_value":null,"actual_value":"/home/kuba/Documents/NETS/FOR_GRID_PACKAGES/h2o_AutoML_v16_2/h2o_AutoML_Python-master/export","input_value":"/home/kuba/Documents/NETS/FOR_GRID_PACKAGES/h2o_AutoML_v16_2/h2o_AutoML_Python-master/export","level":"secondary","values":[],"is_member_of_frames":[],"is_mutually_exclusive_with":[],"gridable":false},{"__meta":{"schema_version":3,"schema_name":"ModelParameterSchemaV3","schema_type":"Iced"},"name":"ntrees","label":"ntrees","help":"(same as n_estimators) Number of trees.","required":false,"type":"int","default_value":50,"actual_value":46,"input_value":10000,"level":"critical","values":[],"is_member_of_frames":[],"is_mutually_exclusive_with":[],"gridable":true},{"__meta":{"schema_version":3,"schema_name":"ModelParameterSchemaV3","schema_type":"Iced"},"name":"max_depth","label":"max_depth","help":"Maximum tree depth (0 for unlimited).","required":false,"type":"int","default_value":6,"actual_value":15,"input_value":15,"level":"critical","values":[],"is_member_of_frames":[],"is_mutually_exclusive_with":[],"gridable":true},{"__meta":{"schema_version":3,"schema_name":"ModelParameterSchemaV3","schema_type":"Iced"},"name":"min_rows","label":"min_rows","help":"(same as min_child_weight) Fewest allowed (weighted) observations in a leaf.","required":false,"type":"double","default_value":1.0,"actual_value":5.0,"input_value":5.0,"level":"critical","values":[],"is_member_of_frames":[],"is_mutually_exclusive_with":[],"gridable":true},{"__meta":{"schema_version":3,"schema_name":"ModelParameterSchemaV3","schema_type":"Iced"},"name":"min_child_weight","label":"min_child_weight","help":"(same as min_rows) Fewest allowed (weighted) observations in a leaf.","required":false,"type":"double","default_value":1.0,"actual_value":5.0,"input_value":1.0,"level":"critical","values":[],"is_member_of_frames":[],"is_mutually_exclusive_with":[],"gridable":true},{"__meta":{"schema_version":3,"schema_name":"ModelParameterSchemaV3","schema_type":"Iced"},"name":"learn_rate","label":"learn_rate","help":"(same as eta) Learning rate (from 0.0 to 1.0)","required":false,"type":"double","default_value":0.3,"actual_value":0.3,"input_value":0.3,"level":"critical","values":[],"is_member_of_frames":[],"is_mutually_exclusive_with":[],"gridable":true},{"__meta":{"schema_version":3,"schema_name":"ModelParameterSchemaV3","schema_type":"Iced"},"name":"eta","label":"eta","help":"(same as learn_rate) Learning rate (from 0.0 to 1.0)","required":false,"type":"double","default_value":0.3,"actual_value":0.3,"input_value":0.3,"level":"critical","values":[],"is_member_of_frames":[],"is_mutually_exclusive_with":[],"gridable":true},{"__meta":{"schema_version":3,"schema_name":"ModelParameterSchemaV3","schema_type":"Iced"},"name":"sample_rate","label":"sample_rate","help":"(same as subsample) Row sample rate per tree (from 0.0 to 1.0)","required":false,"type":"double","default_value":1.0,"actual_value":0.6,"input_value":0.6,"level":"critical","values":[],"is_member_of_frames":[],"is_mutually_exclusive_with":[],"gridable":true},{"__meta":{"schema_version":3,"schema_name":"ModelParameterSchemaV3","schema_type":"Iced"},"name":"subsample","label":"subsample","help":"(same as sample_rate) Row sample rate per tree (from 0.0 to 1.0)","required":false,"type":"double","default_value":1.0,"actual_value":0.6,"input_value":1.0,"level":"critical","values":[],"is_member_of_frames":[],"is_mutually_exclusive_with":[],"gridable":true},{"__meta":{"schema_version":3,"schema_name":"ModelParameterSchemaV3","schema_type":"Iced"},"name":"col_sample_rate","label":"col_sample_rate","help":"(same as colsample_bylevel) Column sample rate (from 0.0 to 1.0)","required":false,"type":"double","default_value":1.0,"actual_value":0.8,"input_value":0.8,"level":"critical","values":[],"is_member_of_frames":[],"is_mutually_exclusive_with":[],"gridable":true},{"__meta":{"schema_version":3,"schema_name":"ModelParameterSchemaV3","schema_type":"Iced"},"name":"colsample_bylevel","label":"colsample_bylevel","help":"(same as col_sample_rate) Column sample rate (from 0.0 to 1.0)","required":false,"type":"double","default_value":1.0,"actual_value":0.8,"input_value":1.0,"level":"critical","values":[],"is_member_of_frames":[],"is_mutually_exclusive_with":[],"gridable":true},{"__meta":{"schema_version":3,"schema_name":"ModelParameterSchemaV3","schema_type":"Iced"},"name":"col_sample_rate_per_tree","label":"col_sample_rate_per_tree","help":"(same as colsample_bytree) Column sample rate per tree (from 0.0 to 1.0)","required":false,"type":"double","default_value":1.0,"actual_value":0.9,"input_value":0.9,"level":"secondary","values":[],"is_member_of_frames":[],"is_mutually_exclusive_with":[],"gridable":true},{"__meta":{"schema_version":3,"schema_name":"ModelParameterSchemaV3","schema_type":"Iced"},"name":"colsample_bytree","label":"colsample_bytree","help":"(same as col_sample_rate_per_tree) Column sample rate per tree (from 0.0 to 1.0)","required":false,"type":"double","default_value":1.0,"actual_value":0.9,"input_value":1.0,"level":"secondary","values":[],"is_member_of_frames":[],"is_mutually_exclusive_with":[],"gridable":true},{"__meta":{"schema_version":3,"schema_name":"ModelParameterSchemaV3","schema_type":"Iced"},"name":"colsample_bynode","label":"colsample_bynode","help":"Column sample rate per tree node (from 0.0 to 1.0)","required":false,"type":"double","default_value":1.0,"actual_value":1.0,"input_value":1.0,"level":"secondary","values":[],"is_member_of_frames":[],"is_mutually_exclusive_with":[],"gridable":true},{"__meta":{"schema_version":3,"schema_name":"ModelParameterSchemaV3","schema_type":"Iced"},"name":"max_abs_leafnode_pred","label":"max_abs_leafnode_pred","help":"(same as max_delta_step) Maximum absolute value of a leaf node prediction","required":false,"type":"float","default_value":0.0,"actual_value":0.0,"input_value":0.0,"level":"expert","values":[],"is_member_of_frames":[],"is_mutually_exclusive_with":[],"gridable":true},{"__meta":{"schema_version":3,"schema_name":"ModelParameterSchemaV3","schema_type":"Iced"},"name":"max_delta_step","label":"max_delta_step","help":"(same as max_abs_leafnode_pred) Maximum absolute value of a leaf node prediction","required":false,"type":"float","default_value":0.0,"actual_value":0.0,"input_value":0.0,"level":"expert","values":[],"is_member_of_frames":[],"is_mutually_exclusive_with":[],"gridable":true},{"__meta":{"schema_version":3,"schema_name":"ModelParameterSchemaV3","schema_type":"Iced"},"name":"monotone_constraints","label":"monotone_constraints","help":"A mapping representing monotonic constraints. Use +1 to enforce an increasing constraint and -1 to specify a decreasing constraint.","required":false,"type":"KeyValue[]","default_value":null,"actual_value":null,"input_value":null,"level":"secondary","values":[],"is_member_of_frames":[],"is_mutually_exclusive_with":[],"gridable":false},{"__meta":{"schema_version":3,"schema_name":"ModelParameterSchemaV3","schema_type":"Iced"},"name":"interaction_constraints","label":"interaction_constraints","help":"A set of allowed column interactions.","required":false,"type":"string[][]","default_value":null,"actual_value":null,"input_value":null,"level":"expert","values":[],"is_member_of_frames":[],"is_mutually_exclusive_with":[],"gridable":false},{"__meta":{"schema_version":3,"schema_name":"ModelParameterSchemaV3","schema_type":"Iced"},"name":"score_tree_interval","label":"score_tree_interval","help":"Score the model after every so many trees. Disabled if set to 0.","required":false,"type":"int","default_value":0,"actual_value":5,"input_value":5,"level":"secondary","values":[],"is_member_of_frames":[],"is_mutually_exclusive_with":[],"gridable":false},{"__meta":{"schema_version":3,"schema_name":"ModelParameterSchemaV3","schema_type":"Iced"},"name":"min_split_improvement","label":"min_split_improvement","help":"(same as gamma) Minimum relative improvement in squared error reduction for a split to happen","required":false,"type":"float","default_value":0.0,"actual_value":0.0,"input_value":0.0,"level":"secondary","values":[],"is_member_of_frames":[],"is_mutually_exclusive_with":[],"gridable":true},{"__meta":{"schema_version":3,"schema_name":"ModelParameterSchemaV3","schema_type":"Iced"},"name":"gamma","label":"gamma","help":"(same as min_split_improvement) Minimum relative improvement in squared error reduction for a split to happen","required":false,"type":"float","default_value":0.0,"actual_value":0.0,"input_value":0.0,"level":"secondary","values":[],"is_member_of_frames":[],"is_mutually_exclusive_with":[],"gridable":true},{"__meta":{"schema_version":3,"schema_name":"ModelParameterSchemaV3","schema_type":"Iced"},"name":"nthread","label":"nthread","help":"Number of parallel threads that can be used to run XGBoost. Cannot exceed H2O cluster limits (-nthreads parameter). Defaults to maximum available","required":false,"type":"int","default_value":-1,"actual_value":-1,"input_value":-1,"level":"expert","values":[],"is_member_of_frames":[],"is_mutually_exclusive_with":[],"gridable":false},{"__meta":{"schema_version":3,"schema_name":"ModelParameterSchemaV3","schema_type":"Iced"},"name":"save_matrix_directory","label":"save_matrix_directory","help":"Directory where to save matrices passed to XGBoost library. Useful for debugging.","required":false,"type":"string","default_value":null,"actual_value":null,"input_value":null,"level":"expert","values":[],"is_member_of_frames":[],"is_mutually_exclusive_with":[],"gridable":false},{"__meta":{"schema_version":3,"schema_name":"ModelParameterSchemaV3","schema_type":"Iced"},"name":"build_tree_one_node","label":"build_tree_one_node","help":"Run on one node only; no network overhead but fewer cpus used. Suitable for small datasets.","required":false,"type":"boolean","default_value":false,"actual_value":false,"input_value":false,"level":"expert","values":[],"is_member_of_frames":[],"is_mutually_exclusive_with":[],"gridable":false},{"__meta":{"schema_version":3,"schema_name":"ModelParameterSchemaV3","schema_type":"Iced"},"name":"calibrate_model","label":"calibrate_model","help":"Use Platt Scaling to calculate calibrated class probabilities. Calibration can provide more accurate estimates of class probabilities.","required":false,"type":"boolean","default_value":false,"actual_value":false,"input_value":false,"level":"expert","values":[],"is_member_of_frames":[],"is_mutually_exclusive_with":[],"gridable":false},{"__meta":{"schema_version":3,"schema_name":"ModelParameterSchemaV3","schema_type":"Iced"},"name":"calibration_frame","label":"calibration_frame","help":"Calibration frame for Platt Scaling","required":false,"type":"Key<Frame>","default_value":null,"actual_value":null,"input_value":null,"level":"expert","values":[],"is_member_of_frames":[],"is_mutually_exclusive_with":[],"gridable":false},{"__meta":{"schema_version":3,"schema_name":"ModelParameterSchemaV3","schema_type":"Iced"},"name":"max_bins","label":"max_bins","help":"For tree_method=hist only: maximum number of bins","required":false,"type":"int","default_value":256,"actual_value":256,"input_value":256,"level":"expert","values":[],"is_member_of_frames":[],"is_mutually_exclusive_with":[],"gridable":true},{"__meta":{"schema_version":3,"schema_name":"ModelParameterSchemaV3","schema_type":"Iced"},"name":"max_leaves","label":"max_leaves","help":"For tree_method=hist only: maximum number of leaves","required":false,"type":"int","default_value":0,"actual_value":0,"input_value":0,"level":"secondary","values":[],"is_member_of_frames":[],"is_mutually_exclusive_with":[],"gridable":true},{"__meta":{"schema_version":3,"schema_name":"ModelParameterSchemaV3","schema_type":"Iced"},"name":"sample_type","label":"sample_type","help":"For booster=dart only: sample_type","required":false,"type":"enum","default_value":"uniform","actual_value":"uniform","input_value":"uniform","level":"expert","values":["uniform","weighted"],"is_member_of_frames":[],"is_mutually_exclusive_with":[],"gridable":true},{"__meta":{"schema_version":3,"schema_name":"ModelParameterSchemaV3","schema_type":"Iced"},"name":"normalize_type","label":"normalize_type","help":"For booster=dart only: normalize_type","required":false,"type":"enum","default_value":"tree","actual_value":"tree","input_value":"tree","level":"expert","values":["tree","forest"],"is_member_of_frames":[],"is_mutually_exclusive_with":[],"gridable":true},{"__meta":{"schema_version":3,"schema_name":"ModelParameterSchemaV3","schema_type":"Iced"},"name":"rate_drop","label":"rate_drop","help":"For booster=dart only: rate_drop (0..1)","required":false,"type":"float","default_value":0.0,"actual_value":0.0,"input_value":0.0,"level":"expert","values":[],"is_member_of_frames":[],"is_mutually_exclusive_with":[],"gridable":true},{"__meta":{"schema_version":3,"schema_name":"ModelParameterSchemaV3","schema_type":"Iced"},"name":"one_drop","label":"one_drop","help":"For booster=dart only: one_drop","required":false,"type":"boolean","default_value":false,"actual_value":false,"input_value":false,"level":"expert","values":[],"is_member_of_frames":[],"is_mutually_exclusive_with":[],"gridable":true},{"__meta":{"schema_version":3,"schema_name":"ModelParameterSchemaV3","schema_type":"Iced"},"name":"skip_drop","label":"skip_drop","help":"For booster=dart only: skip_drop (0..1)","required":false,"type":"float","default_value":0.0,"actual_value":0.0,"input_value":0.0,"level":"expert","values":[],"is_member_of_frames":[],"is_mutually_exclusive_with":[],"gridable":true},{"__meta":{"schema_version":3,"schema_name":"ModelParameterSchemaV3","schema_type":"Iced"},"name":"tree_method","label":"tree_method","help":"Tree method","required":false,"type":"enum","default_value":"auto","actual_value":"hist","input_value":"auto","level":"secondary","values":["auto","exact","approx","hist"],"is_member_of_frames":[],"is_mutually_exclusive_with":[],"gridable":true},{"__meta":{"schema_version":3,"schema_name":"ModelParameterSchemaV3","schema_type":"Iced"},"name":"grow_policy","label":"grow_policy","help":"Grow policy - depthwise is standard GBM, lossguide is LightGBM","required":false,"type":"enum","default_value":"depthwise","actual_value":"depthwise","input_value":"depthwise","level":"secondary","values":["depthwise","lossguide"],"is_member_of_frames":[],"is_mutually_exclusive_with":[],"gridable":true},{"__meta":{"schema_version":3,"schema_name":"ModelParameterSchemaV3","schema_type":"Iced"},"name":"booster","label":"booster","help":"Booster type","required":false,"type":"enum","default_value":"gbtree","actual_value":"gbtree","input_value":"gbtree","level":"expert","values":["gbtree","gblinear","dart"],"is_member_of_frames":[],"is_mutually_exclusive_with":[],"gridable":true},{"__meta":{"schema_version":3,"schema_name":"ModelParameterSchemaV3","schema_type":"Iced"},"name":"reg_lambda","label":"reg_lambda","help":"L2 regularization","required":false,"type":"float","default_value":1.0,"actual_value":0.01,"input_value":0.01,"level":"expert","values":[],"is_member_of_frames":[],"is_mutually_exclusive_with":[],"gridable":true},{"__meta":{"schema_version":3,"schema_name":"ModelParameterSchemaV3","schema_type":"Iced"},"name":"reg_alpha","label":"reg_alpha","help":"L1 regularization","required":false,"type":"float","default_value":0.0,"actual_value":0.1,"input_value":0.1,"level":"expert","values":[],"is_member_of_frames":[],"is_mutually_exclusive_with":[],"gridable":true},{"__meta":{"schema_version":3,"schema_name":"ModelParameterSchemaV3","schema_type":"Iced"},"name":"dmatrix_type","label":"dmatrix_type","help":"Type of DMatrix. For sparse, NAs and 0 are treated equally.","required":false,"type":"enum","default_value":"auto","actual_value":"dense","input_value":"auto","level":"secondary","values":["auto","dense","sparse"],"is_member_of_frames":[],"is_mutually_exclusive_with":[],"gridable":true},{"__meta":{"schema_version":3,"schema_name":"ModelParameterSchemaV3","schema_type":"Iced"},"name":"backend","label":"backend","help":"Backend. By default (auto), a GPU is used if available.","required":false,"type":"enum","default_value":"auto","actual_value":"gpu","input_value":"auto","level":"expert","values":["auto","gpu","cpu"],"is_member_of_frames":[],"is_mutually_exclusive_with":[],"gridable":true},{"__meta":{"schema_version":3,"schema_name":"ModelParameterSchemaV3","schema_type":"Iced"},"name":"gpu_id","label":"gpu_id","help":"Which GPU to use. ","required":false,"type":"int","default_value":0,"actual_value":0,"input_value":0,"level":"expert","values":[],"is_member_of_frames":[],"is_mutually_exclusive_with":[],"gridable":false},{"__meta":{"schema_version":3,"schema_name":"ModelParameterSchemaV3","schema_type":"Iced"},"name":"gainslift_bins","label":"gainslift_bins","help":"Gains/Lift table number of bins. 0 means disabled.. Default value -1 means automatic binning.","required":false,"type":"int","default_value":-1,"actual_value":-1,"input_value":-1,"level":"secondary","values":[],"is_member_of_frames":[],"is_mutually_exclusive_with":[],"gridable":false}],"output":{"__meta":{"schema_version":3,"schema_name":"XGBoostModelOutputV3","schema_type":"XGBoostOutput"},"names":["C_no","H_no","N_no","O_no","S_no","Aliphatic_atom_count","Aliphatic_bond_count","Aliphatic_ring_count","Aromatic_atom_count","Aromatic_bond_count","Aromatic_ring_count","Asymmetric_atom_count","Bond_count","Carboaromatic_ring_count","Carbo_ring_count","Chain_atom_count","Chiral_center_count","Cyclomatic_number","Balaban_index","Dreiding_energy","Fused_aliphatic_ring_count","Fused_aromatic_ring_count","Fused_ring_count","Heteroaliphatic_ring_count","Heteroaromatic_ring_count","Hetero_ring_count","Hyper_wiener_index","Largest_ring_size","Largest_ring_system_size","Mass","Maximal_projection_area","Maximal_projection_radius","Length_perpendicular_to_the_max_area","Minimal_projection_area","Minimal_projection_radius","Length_perpendicular_to_the_min_area","Platt_index","Randic_index","Szeged_index","Refractivity","Ring_atom_count","Ring_bond_count","Ring_count","Ring_count_of_atom","Ring_system_count","Rotatable_bond_count","Atom_count","Aliphatic_atom_count.1","Aromatic_atom_count.1","Bond_count.1","Aliphatic_bond_count.1","Aromatic_bond_count.1","Rotatable_bond_count.1","Ring_count.1","Aliphatic_ring_count.1","Aromatic_ring_count.1","Hetero_ring_count.1","Heteroaliphatic_ring_count.1","Heteroaromatic_ring_count.1","Ring_atom_count.1","Ring_bond_count.1","Chain_atom_count.1","Chain_bond_count","Largest_ring_size.1","Atom_count.1","Aliphatic_atom_count.2","Aromatic_atom_count.2","Bond_count.2","Aliphatic_bond_count.2","Aromatic_bond_count.2","Rotatable_bond_count.2","Ring_count.2","Aliphatic_ring_count.2","Aromatic_ring_count.2","Hetero_ring_count.2","Heteroaliphatic_ring_count.2","Heteroaromatic_ring_count.2","Ring_atom_count.2","Ring_bond_count.2","Chain_atom_count.2","Chain_bond_count.1","Largest_ring_size.2","van_der_Waals_volume","pI","Quaternary_structure","PLGA_visc","PLGA_Mw","La_to_Gly","PVA_conc_inner_phase","PVA_conc_outer_phase","PVA_Mw","Inner_phase_volume","Encaps_rate","Mean_part_size","Block_polymer","PLGA_conc","PLGA_to_Placticizer","diss_pH","diss_add","diss_add_conc","Prod_method","Atom_count.2","Aliphatic_atom_count.3","Bond_count.3","Aliphatic_bond_count.3","Rotatable_bond_count.3","Ring_count.3","Aliphatic_ring_count.3","Hetero_ring_count.3","Heteroaliphatic_ring_count.3","Ring_atom_count.3","Ring_bond_count.3","Chain_atom_count.3","Chain_bond_count.2","Smallest_ring_size","Largest_ring_size.3","Mass.1","molecular","a_xx_","a_yy_","a_zz_","a_yy_.1","ASA","ASA+","ASA-","ASA_H","ASA_P","Polar_surface_area","Asymmetric_atom_count.1","Bond_count.4","Chiral_center_count.1","Cyclomatic_number.1","Dreiding_energy.1","Fragment_count","Harary_index","Hyper_wiener_index.1","Maximal_projection_area.1","Maximal_projection_radius.1","Minimal_projection_area.1","Minimal_projection_radius.1","Van_der_Waals_surface_area__3D_","Platt_index.1","Randic_index.1","Szeged_index.1","Wiener_index","Wiener_polarity","Stereoisomer_count","count","Markush_library_size","pH_0_logd","pH_1_logd","pH_2_logd","pH_3_logd","pH_4_logd","pH_5_logd","pH_6_logd","pH_7_logd","pH_8_logd","pH_9_logd","pH_10_logd","pH_11_logd","pH_12_logd","pH_13_logd","pH_14_logd","logP","bpKa1","bpKa2","acceptorcount","donorcount","pH_0_msacc","pH_1_msacc","pH_2_msacc","pH_3_msacc","pH_4_msacc","pH_5_msacc","pH_6_msacc","pH_7_msacc","pH_8_msacc","pH_9_msacc","pH_10_msacc","pH_11_msacc","pH_12_msacc","pH_13_msacc","pH_14_msacc","pH_0_msdon","pH_1_msdon","pH_2_msdon","pH_3_msdon","pH_4_msdon","pH_5_msdon","pH_6_msdon","pH_7_msdon","pH_8_msdon","pH_9_msdon","pH_10_msdon","pH_11_msdon","pH_12_msdon","pH_13_msdon","pH_14_msdon","Atom_count.3","Aliphatic_atom_count.4","Aromatic_atom_count.3","Bond_count.5","Aliphatic_bond_count.4","Aromatic_bond_count.3","Rotatable_bond_count.4","Ring_count.4","Aliphatic_ring_count.4","Hetero_ring_count.4","Heteroaliphatic_ring_count.4","Ring_atom_count.4","Ring_bond_count.4","Chain_atom_count.4","Chain_bond_count.3","Smallest_ring_size.1","Largest_ring_size.4","Mass.2","molecular.1","a_xx_.1","a_yy_.2","a_zz_.1","a_yy_.3","ASA.1","ASA+.1","ASA-.1","ASA_H.1","ASA_P.1","Polar_surface_area.1","Asymmetric_atom_count.2","Bond_count.6","Chiral_center_count.2","Cyclomatic_number.2","Dreiding_energy.2","Fragment_count.1","Harary_index.1","Hyper_wiener_index.2","Maximal_projection_area.2","Maximal_projection_radius.2","Minimal_projection_area.2","Minimal_projection_radius.2","Van_der_Waals_surface_area__3D_.1","Platt_index.2","Randic_index.2","Szeged_index.2","Wiener_index.1","Wiener_polarity.1","Stereoisomer_count.1","count.1","Markush_library_size.1","pH_0_logd.1","pH_1_logd.1","pH_2_logd.1","pH_3_logd.1","pH_4_logd.1","pH_5_logd.1","pH_6_logd.1","pH_7_logd.1","pH_8_logd.1","pH_9_logd.1","pH_10_logd.1","pH_11_logd.1","pH_12_logd.1","pH_13_logd.1","pH_14_logd.1","logP.1","bpKa1.1","bpKa2.1","acceptorcount.1","donorcount.1","pH_0_msacc.1","pH_1_msacc.1","pH_2_msacc.1","pH_3_msacc.1","pH_4_msacc.1","pH_5_msacc.1","pH_6_msacc.1","pH_7_msacc.1","pH_8_msacc.1","pH_9_msacc.1","pH_10_msacc.1","pH_11_msacc.1","pH_12_msacc.1","pH_13_msacc.1","pH_14_msacc.1","pH_0_msdon.1","pH_1_msdon.1","pH_2_msdon.1","pH_3_msdon.1","pH_4_msdon.1","pH_5_msdon.1","pH_6_msdon.1","pH_7_msdon.1","pH_8_msdon.1","pH_9_msdon.1","pH_10_msdon.1","pH_11_msdon.1","pH_12_msdon.1","pH_13_msdon.1","pH_14_msdon.1","Time_Days","Q_perc"],"original_names":null,"column_types":["Numeric","Numeric","Numeric","Numeric","Numeric","Numeric","Numeric","Numeric","Numeric","Numeric","Numeric","Numeric","Numeric","Numeric","Numeric","Numeric","Numeric","Numeric","Numeric","Numeric","Numeric","Numeric","Numeric","Numeric","Numeric","Numeric","Numeric","Numeric","Numeric","Numeric","Numeric","Numeric","Numeric","Numeric","Numeric","Numeric","Numeric","Numeric","Numeric","Numeric","Numeric","Numeric","Numeric","Numeric","Numeric","Numeric","Numeric","Numeric","Numeric","Numeric","Numeric","Numeric","Numeric","Numeric","Numeric","Numeric","Numeric","Numeric","Numeric","Numeric","Numeric","Numeric","Numeric","Numeric","Numeric","Numeric","Numeric","Numeric","Numeric","Numeric","Numeric","Numeric","Numeric","Numeric","Numeric","Numeric","Numeric","Numeric","Numeric","Numeric","Numeric","Numeric","Numeric","Numeric","Numeric","Numeric","Numeric","Numeric","Numeric","Numeric","Numeric","Numeric","Numeric","Numeric","Numeric","Numeric","Numeric","Numeric","Numeric","Numeric","Numeric","Numeric","Numeric","Numeric","Numeric","Numeric","Numeric","Numeric","Numeric","Numeric","Numeric","Numeric","Numeric","Numeric","Numeric","Numeric","Numeric","Numeric","Numeric","Numeric","Numeric","Numeric","Numeric","Numeric","Numeric","Numeric","Numeric","Numeric","Numeric","Numeric","Numeric","Numeric","Numeric","Numeric","Numeric","Numeric","Numeric","Numeric","Numeric","Numeric","Numeric","Numeric","Numeric","Numeric","Numeric","Numeric","Numeric","Numeric","Numeric","Numeric","Numeric","Numeric","Numeric","Numeric","Numeric","Numeric","Numeric","Numeric","Numeric","Numeric","Numeric","Numeric","Numeric","Numeric","Numeric","Numeric","Numeric","Numeric","Numeric","Numeric","Numeric","Numeric","Numeric","Numeric","Numeric","Numeric","Numeric","Numeric","Numeric","Numeric","Numeric","Numeric","Numeric","Numeric","Numeric","Numeric","Numeric","Numeric","Numeric","Numeric","Numeric","Numeric","Numeric","Numeric","Numeric","Numeric","Numeric","Numeric","Numeric","Numeric","Numeric","Numeric","Numeric","Numeric","Numeric","Numeric","Numeric","Numeric","Numeric","Numeric","Numeric","Numeric","Numeric","Numeric","Numeric","Numeric","Numeric","Numeric","Numeric","Numeric","Numeric","Numeric","Numeric","Numeric","Numeric","Numeric","Numeric","Numeric","Numeric","Numeric","Numeric","Numeric","Numeric","Numeric","Numeric","Numeric","Numeric","Numeric","Numeric","Numeric","Numeric","Numeric","Numeric","Numeric","Numeric","Numeric","Numeric","Numeric","Numeric","Numeric","Numeric","Numeric","Numeric","Numeric","Numeric","Numeric","Numeric","Numeric","Numeric","Numeric","Numeric","Numeric","Numeric","Numeric","Numeric","Numeric","Numeric","Numeric","Numeric","Numeric","Numeric","Numeric","Numeric","Numeric","Numeric","Numeric","Numeric","Numeric","Numeric","Numeric","Numeric","Numeric","Numeric","Numeric","Numeric","Numeric","Numeric","Numeric","Numeric","Numeric","Numeric","Numeric","Numeric","Numeric","Numeric","Numeric","Numeric","Numeric","Numeric","Numeric","Numeric"],"domains":[null,null,null,null,null,null,null,null,null,null,null,null,null,null,null,null,null,null,null,null,null,null,null,null,null,null,null,null,null,null,null,null,null,null,null,null,null,null,null,null,null,null,null,null,null,null,null,null,null,null,null,null,null,null,null,null,null,null,null,null,null,null,null,null,null,null,null,null,null,null,null,null,null,null,null,null,null,null,null,null,null,null,null,null,null,null,null,null,null,null,null,null,null,null,null,null,null,null,null,null,null,null,null,null,null,null,null,null,null,null,null,null,null,null,null,null,null,null,null,null,null,null,null,null,null,null,null,null,null,null,null,null,null,null,null,null,null,null,null,null,null,null,null,null,null,null,null,null,null,null,null,null,null,null,null,null,null,null,null,null,null,null,null,null,null,null,null,null,null,null,null,null,null,null,null,null,null,null,null,null,null,null,null,null,null,null,null,null,null,null,null,null,null,null,null,null,null,null,null,null,null,null,null,null,null,null,null,null,null,null,null,null,null,null,null,null,null,null,null,null,null,null,null,null,null,null,null,null,null,null,null,null,null,null,null,null,null,null,null,null,null,null,null,null,null,null,null,null,null,null,null,null,null,null,null,null,null,null,null,null,null,null,null,null,null,null,null,null,null,null,null,null,null,null,null,null,null,null,null,null,null,null,null,null,null,null,null,null,null,null,null,null,null,null,null,null,null,null,null,null,null],"cross_validation_models":[{"__meta":{"schema_version":3,"schema_name":"ModelKeyV3","schema_type":"Key<Model>"},"name":"XGBoost_grid__1_AutoML_20210217_124248_model_7_cv_1","type":"Key<Model>","URL":"/3/Models/XGBoost_grid__1_AutoML_20210217_124248_model_7_cv_1"},{"__meta":{"schema_version":3,"schema_name":"ModelKeyV3","schema_type":"Key<Model>"},"name":"XGBoost_grid__1_AutoML_20210217_124248_model_7_cv_2","type":"Key<Model>","URL":"/3/Models/XGBoost_grid__1_AutoML_20210217_124248_model_7_cv_2"},{"__meta":{"schema_version":3,"schema_name":"ModelKeyV3","schema_type":"Key<Model>"},"name":"XGBoost_grid__1_AutoML_20210217_124248_model_7_cv_3","type":"Key<Model>","URL":"/3/Models/XGBoost_grid__1_AutoML_20210217_124248_model_7_cv_3"},{"__meta":{"schema_version":3,"schema_name":"ModelKeyV3","schema_type":"Key<Model>"},"name":"XGBoost_grid__1_AutoML_20210217_124248_model_7_cv_4","type":"Key<Model>","URL":"/3/Models/XGBoost_grid__1_AutoML_20210217_124248_model_7_cv_4"},{"__meta":{"schema_version":3,"schema_name":"ModelKeyV3","schema_type":"Key<Model>"},"name":"XGBoost_grid__1_AutoML_20210217_124248_model_7_cv_5","type":"Key<Model>","URL":"/3/Models/XGBoost_grid__1_AutoML_20210217_124248_model_7_cv_5"}],"cross_validation_predictions":[{"__meta":{"schema_version":3,"schema_name":"FrameKeyV3","schema_type":"Key<Frame>"},"name":"prediction_XGBoost_grid__1_AutoML_20210217_124248_model_7_cv_1","type":"Key<Frame>","URL":"/3/Frames/prediction_XGBoost_grid__1_AutoML_20210217_124248_model_7_cv_1"},{"__meta":{"schema_version":3,"schema_name":"FrameKeyV3","schema_type":"Key<Frame>"},"name":"prediction_XGBoost_grid__1_AutoML_20210217_124248_model_7_cv_2","type":"Key<Frame>","URL":"/3/Frames/prediction_XGBoost_grid__1_AutoML_20210217_124248_model_7_cv_2"},{"__meta":{"schema_version":3,"schema_name":"FrameKeyV3","schema_type":"Key<Frame>"},"name":"prediction_XGBoost_grid__1_AutoML_20210217_124248_model_7_cv_3","type":"Key<Frame>","URL":"/3/Frames/prediction_XGBoost_grid__1_AutoML_20210217_124248_model_7_cv_3"},{"__meta":{"schema_version":3,"schema_name":"FrameKeyV3","schema_type":"Key<Frame>"},"name":"prediction_XGBoost_grid__1_AutoML_20210217_124248_model_7_cv_4","type":"Key<Frame>","URL":"/3/Frames/prediction_XGBoost_grid__1_AutoML_20210217_124248_model_7_cv_4"},{"__meta":{"schema_version":3,"schema_name":"FrameKeyV3","schema_type":"Key<Frame>"},"name":"prediction_XGBoost_grid__1_AutoML_20210217_124248_model_7_cv_5","type":"Key<Frame>","URL":"/3/Frames/prediction_XGBoost_grid__1_AutoML_20210217_124248_model_7_cv_5"}],"cross_validation_holdout_predictions_frame_id":{"__meta":{"schema_version":3,"schema_name":"FrameKeyV3","schema_type":"Key<Frame>"},"name":"cv_holdout_prediction_XGBoost_grid__1_AutoML_20210217_124248_model_7","type":"Key<Frame>","URL":"/3/Frames/cv_holdout_prediction_XGBoost_grid__1_AutoML_20210217_124248_model_7"},"cross_validation_fold_assignment_frame_id":{"__meta":{"schema_version":3,"schema_name":"FrameKeyV3","schema_type":"Key<Frame>"},"name":"cv_fold_assignment_XGBoost_grid__1_AutoML_20210217_124248_model_7","type":"Key<Frame>","URL":"/3/Frames/cv_fold_assignment_XGBoost_grid__1_AutoML_20210217_124248_model_7"},"model_category":"Regression","model_summary":{"__meta":{"schema_version":3,"schema_name":"TwoDimTableV3","schema_type":"TwoDimTable"},"name":"Model Summary","description":"","columns":[{"__meta":{"schema_version":-1,"schema_name":"ColumnSpecsBase","schema_type":"Iced"},"name":"","type":"string","format":"%s","description":""},{"__meta":{"schema_version":-1,"schema_name":"ColumnSpecsBase","schema_type":"Iced"},"name":"number_of_trees","type":"long","format":"%d","description":"Number of Trees"}],"rowcount":1,"data":[[""],[46]]},"scoring_history":{"__meta":{"schema_version":3,"schema_name":"TwoDimTableV3","schema_type":"TwoDimTable"},"name":"Scoring History","description":"","columns":[{"__meta":{"schema_version":-1,"schema_name":"ColumnSpecsBase","schema_type":"Iced"},"name":"","type":"string","format":"%s","description":""},{"__meta":{"schema_version":-1,"schema_name":"ColumnSpecsBase","schema_type":"Iced"},"name":"timestamp","type":"string","format":"%s","description":"Timestamp"},{"__meta":{"schema_version":-1,"schema_name":"ColumnSpecsBase","schema_type":"Iced"},"name":"duration","type":"string","format":"%s","description":"Duration"},{"__meta":{"schema_version":-1,"schema_name":"ColumnSpecsBase","schema_type":"Iced"},"name":"number_of_trees","type":"long","format":"%d","description":"Number of Trees"},{"__meta":{"schema_version":-1,"schema_name":"ColumnSpecsBase","schema_type":"Iced"},"name":"training_rmse","type":"double","format":"%.5f","description":"Training RMSE"},{"__meta":{"schema_version":-1,"schema_name":"ColumnSpecsBase","schema_type":"Iced"},"name":"training_mae","type":"double","format":"%.5f","description":"Training MAE"},{"__meta":{"schema_version":-1,"schema_name":"ColumnSpecsBase","schema_type":"Iced"},"name":"training_deviance","type":"double","format":"%.5f","description":"Training Deviance"}],"rowcount":11,"data":[["","","","","","","","","","",""],["2021-02-17 12:44:49","2021-02-17 12:44:49","2021-02-17 12:44:50","2021-02-17 12:44:50","2021-02-17 12:44:50","2021-02-17 12:44:50","2021-02-17 12:44:50","2021-02-17 12:44:51","2021-02-17 12:44:51","2021-02-17 12:44:51","2021-02-17 12:44:51"],["58.356 sec","58.588 sec","58.810 sec","59.008 sec","59.201 sec","59.378 sec","59.571 sec","59.788 sec","59.991 sec"," 1 min  0.195 sec"," 1 min  0.246 sec"],[0,5,10,15,20,25,30,35,40,45,46],[59.526471047457605,13.581793788699756,5.601833054848336,4.592691091518462,3.739654523253017,3.5473960261726485,3.1766132898010473,2.7065279597807677,2.4592104510677237,2.2772320460222777,2.2603755102570013],[50.83907155062023,10.854429676783711,3.9535487242748864,2.9970789708589254,2.3847587109866897,2.245564229111922,2.0072697874119405,1.7247778393092907,1.5806233307562376,1.4474691033990759,1.4251097823444165],[3543.4007553638085,184.46512251876328,31.38053357439144,21.092811462113044,13.98501595328675,12.584018566505499,10.090871992940633,7.325293597075045,6.047716042640718,5.18578579143081,5.109297447369599]]},"reproducibility_information_table":[{"__meta":{"schema_version":3,"schema_name":"TwoDimTableV3","schema_type":"TwoDimTable"},"name":"Node Information","description":"","columns":[{"__meta":{"schema_version":-1,"schema_name":"ColumnSpecsBase","schema_type":"Iced"},"name":"","type":"string","format":"%s","description":""},{"__meta":{"schema_version":-1,"schema_name":"ColumnSpecsBase","schema_type":"Iced"},"name":"node","type":"int","format":"%d","description":"node"},{"__meta":{"schema_version":-1,"schema_name":"ColumnSpecsBase","schema_type":"Iced"},"name":"h2o","type":"string","format":"%s","description":"h2o"},{"__meta":{"schema_version":-1,"schema_name":"ColumnSpecsBase","schema_type":"Iced"},"name":"healthy","type":"string","format":"%s","description":"healthy"},{"__meta":{"schema_version":-1,"schema_name":"ColumnSpecsBase","schema_type":"Iced"},"name":"last_ping","type":"string","format":"%s","description":"last_ping"},{"__meta":{"schema_version":-1,"schema_name":"ColumnSpecsBase","schema_type":"Iced"},"name":"num_cpus","type":"int","format":"%d","description":"num_cpus"},{"__meta":{"schema_version":-1,"schema_name":"ColumnSpecsBase","schema_type":"Iced"},"name":"sys_load","type":"double","format":"%.5f","description":"sys_load"},{"__meta":{"schema_version":-1,"schema_name":"ColumnSpecsBase","schema_type":"Iced"},"name":"mem_value_size","type":"long","format":"%d","description":"mem_value_size"},{"__meta":{"schema_version":-1,"schema_name":"ColumnSpecsBase","schema_type":"Iced"},"name":"free_mem","type":"long","format":"%d","description":"free_mem"},{"__meta":{"schema_version":-1,"schema_name":"ColumnSpecsBase","schema_type":"Iced"},"name":"pojo_mem","type":"long","format":"%d","description":"pojo_mem"},{"__meta":{"schema_version":-1,"schema_name":"ColumnSpecsBase","schema_type":"Iced"},"name":"swap_mem","type":"long","format":"%d","description":"swap_mem"},{"__meta":{"schema_version":-1,"schema_name":"ColumnSpecsBase","schema_type":"Iced"},"name":"free_disc","type":"long","format":"%d","description":"free_disc"},{"__meta":{"schema_version":-1,"schema_name":"ColumnSpecsBase","schema_type":"Iced"},"name":"max_disc","type":"long","format":"%d","description":"max_disc"},{"__meta":{"schema_version":-1,"schema_name":"ColumnSpecsBase","schema_type":"Iced"},"name":"pid","type":"int","format":"%d","description":"pid"},{"__meta":{"schema_version":-1,"schema_name":"ColumnSpecsBase","schema_type":"Iced"},"name":"num_keys","type":"int","format":"%d","description":"num_keys"},{"__meta":{"schema_version":-1,"schema_name":"ColumnSpecsBase","schema_type":"Iced"},"name":"tcps_active","type":"string","format":"%s","description":"tcps_active"},{"__meta":{"schema_version":-1,"schema_name":"ColumnSpecsBase","schema_type":"Iced"},"name":"open_fds","type":"int","format":"%d","description":"open_fds"},{"__meta":{"schema_version":-1,"schema_name":"ColumnSpecsBase","schema_type":"Iced"},"name":"rpcs_active","type":"string","format":"%s","description":"rpcs_active"},{"__meta":{"schema_version":-1,"schema_name":"ColumnSpecsBase","schema_type":"Iced"},"name":"nthreads","type":"int","format":"%d","description":"nthreads"},{"__meta":{"schema_version":-1,"schema_name":"ColumnSpecsBase","schema_type":"Iced"},"name":"is_leader","type":"string","format":"%s","description":"is_leader"},{"__meta":{"schema_version":-1,"schema_name":"ColumnSpecsBase","schema_type":"Iced"},"name":"total_mem","type":"long","format":"%d","description":"total_mem"},{"__meta":{"schema_version":-1,"schema_name":"ColumnSpecsBase","schema_type":"Iced"},"name":"max_mem","type":"long","format":"%d","description":"max_mem"},{"__meta":{"schema_version":-1,"schema_name":"ColumnSpecsBase","schema_type":"Iced"},"name":"java_version","type":"string","format":"%s","description":"java_version"},{"__meta":{"schema_version":-1,"schema_name":"ColumnSpecsBase","schema_type":"Iced"},"name":"jvm_launch_parameters","type":"string","format":"%s","description":"jvm_launch_parameters"},{"__meta":{"schema_version":-1,"schema_name":"ColumnSpecsBase","schema_type":"Iced"},"name":"os_version","type":"string","format":"%s","description":"os_version"},{"__meta":{"schema_version":-1,"schema_name":"ColumnSpecsBase","schema_type":"Iced"},"name":"machine_physical_mem","type":"long","format":"%d","description":"machine_physical_mem"},{"__meta":{"schema_version":-1,"schema_name":"ColumnSpecsBase","schema_type":"Iced"},"name":"machine_locale","type":"string","format":"%s","description":"machine_locale"}],"rowcount":1,"data":[[""],[0],["127.0.0.1:61077"],["true"],["1613562288740"],[32],[4.75],[121164486],[8038063171],[73142519],[0],[170089512960],[3937870544896],[21599],[15205],["\u0000"],[97],["\u0000"],[4],["true"],[8543797248],[8543797248],["Java 1.8.0_275 (from IcedTea)"],["[-ea, -Xms8G, -Xmx8G, -Djava.io.tmpdir=/home/kuba/Documents/NETS/FOR_GRID_PACKAGES/h2o_AutoML_v16_2/h2o_AutoML_Python-master/export]"],["Linux 5.3.18-lp152.60-default (amd64)"],[67422072832],["pl_PL"]]},{"__meta":{"schema_version":3,"schema_name":"TwoDimTableV3","schema_type":"TwoDimTable"},"name":"Cluster Configuration","description":"","columns":[{"__meta":{"schema_version":-1,"schema_name":"ColumnSpecsBase","schema_type":"Iced"},"name":"","type":"string","format":"%s","description":""},{"__meta":{"schema_version":-1,"schema_name":"ColumnSpecsBase","schema_type":"Iced"},"name":"h2o_cluster_uptime","type":"long","format":"%d","description":"H2O cluster uptime"},{"__meta":{"schema_version":-1,"schema_name":"ColumnSpecsBase","schema_type":"Iced"},"name":"h2o_cluster_timezone","type":"string","format":"%s","description":"H2O cluster timezone"},{"__meta":{"schema_version":-1,"schema_name":"ColumnSpecsBase","schema_type":"Iced"},"name":"h2o_data_parsing_timezone","type":"string","format":"%s","description":"H2O data parsing timezone"},{"__meta":{"schema_version":-1,"schema_name":"ColumnSpecsBase","schema_type":"Iced"},"name":"h2o_cluster_version","type":"string","format":"%s","description":"H2O cluster version"},{"__meta":{"schema_version":-1,"schema_name":"ColumnSpecsBase","schema_type":"Iced"},"name":"h2o_cluster_version_age","type":"string","format":"%s","description":"H2O cluster version age"},{"__meta":{"schema_version":-1,"schema_name":"ColumnSpecsBase","schema_type":"Iced"},"name":"h2o_cluster_name","type":"string","format":"%s","description":"H2O cluster name"},{"__meta":{"schema_version":-1,"schema_name":"ColumnSpecsBase","schema_type":"Iced"},"name":"h2o_cluster_total_nodes","type":"int","format":"%d","description":"H2O cluster total nodes"},{"__meta":{"schema_version":-1,"schema_name":"ColumnSpecsBase","schema_type":"Iced"},"name":"h2o_cluster_free_memory","type":"long","format":"%d","description":"H2O cluster free memory"},{"__meta":{"schema_version":-1,"schema_name":"ColumnSpecsBase","schema_type":"Iced"},"name":"h2o_cluster_total_cores","type":"int","format":"%d","description":"H2O cluster total cores"},{"__meta":{"schema_version":-1,"schema_name":"ColumnSpecsBase","schema_type":"Iced"},"name":"h2o_cluster_allowed_cores","type":"int","format":"%d","description":"H2O cluster allowed cores"},{"__meta":{"schema_version":-1,"schema_name":"ColumnSpecsBase","schema_type":"Iced"},"name":"h2o_cluster_status","type":"string","format":"%s","description":"H2O cluster status"},{"__meta":{"schema_version":-1,"schema_name":"ColumnSpecsBase","schema_type":"Iced"},"name":"h2o_internal_security","type":"string","format":"%s","description":"H2O internal security"},{"__meta":{"schema_version":-1,"schema_name":"ColumnSpecsBase","schema_type":"Iced"},"name":"h2o_api_extensions","type":"string","format":"%s","description":"H2O API Extensions"}],"rowcount":1,"data":[[""],[215131],["Europe/Warsaw"],["UTC"],["3.32.0.2"],["2 months and 30 days"],["ABMTiWUKWpW8Dy3B"],[1],[8038063171],[32],[4],["locked, healthly"],["false"],["Amazon S3, XGBoost, Algos, AutoML, Core V3, TargetEncoder, Core V4"]]},{"__meta":{"schema_version":3,"schema_name":"TwoDimTableV3","schema_type":"TwoDimTable"},"name":"Input Frames Information","description":"","columns":[{"__meta":{"schema_version":-1,"schema_name":"ColumnSpecsBase","schema_type":"Iced"},"name":"","type":"string","format":"%s","description":""},{"__meta":{"schema_version":-1,"schema_name":"ColumnSpecsBase","schema_type":"Iced"},"name":"input_frame","type":"string","format":"%s","description":"Input Frame"},{"__meta":{"schema_version":-1,"schema_name":"ColumnSpecsBase","schema_type":"Iced"},"name":"checksum","type":"long","format":"%d","description":"Checksum"},{"__meta":{"schema_version":-1,"schema_name":"ColumnSpecsBase","schema_type":"Iced"},"name":"espc","type":"string","format":"%d","description":"ESPC"}],"rowcount":3,"data":[["","",""],["training_frame","validation_frame","calibration_frame"],[5034909643219116500,-1,-1],["[0, 475]","-1","-1"]]}],"training_metrics":{"__meta":{"schema_version":3,"schema_name":"ModelMetricsRegressionV3","schema_type":"ModelMetricsRegression"},"model":{"__meta":{"schema_version":3,"schema_name":"ModelKeyV3","schema_type":"Key<Model>"},"name":"XGBoost_grid__1_AutoML_20210217_124248_model_7","type":"Key<Model>","URL":"/3/Models/XGBoost_grid__1_AutoML_20210217_124248_model_7"},"model_checksum":-6809139593214464416,"frame":{"__meta":{"schema_version":3,"schema_name":"FrameKeyV3","schema_type":"Key<Frame>"},"name":"automl_training_Key_Frame__upload_8857ef1a3e7496a75c7eeab65eac48d5.hex","type":"Key<Frame>","URL":"/3/Frames/automl_training_Key_Frame__upload_8857ef1a3e7496a75c7eeab65eac48d5.hex"},"frame_checksum":5034909643219116500,"description":null,"model_category":"Regression","scoring_time":1613562291583,"predictions":null,"MSE":5.109297447369599,"RMSE":2.2603755102570013,"nobs":475,"custom_metric_name":null,"custom_metric_value":0.0,"r2":0.9947006590191444,"mean_residual_deviance":5.109297447369599,"mae":1.4251097823444165,"rmsle":"NaN"},"validation_metrics":null,"cross_validation_metrics":{"__meta":{"schema_version":3,"schema_name":"ModelMetricsRegressionV3","schema_type":"ModelMetricsRegression"},"model":{"__meta":{"schema_version":3,"schema_name":"ModelKeyV3","schema_type":"Key<Model>"},"name":"XGBoost_grid__1_AutoML_20210217_124248_model_7","type":"Key<Model>","URL":"/3/Models/XGBoost_grid__1_AutoML_20210217_124248_model_7"},"model_checksum":-6809139593214464416,"frame":{"__meta":{"schema_version":3,"schema_name":"FrameKeyV3","schema_type":"Key<Frame>"},"name":"automl_training_Key_Frame__upload_8857ef1a3e7496a75c7eeab65eac48d5.hex","type":"Key<Frame>","URL":"/3/Frames/automl_training_Key_Frame__upload_8857ef1a3e7496a75c7eeab65eac48d5.hex"},"frame_checksum":5034909643219116500,"description":"5-fold cross-validation on training data (Metrics computed for combined holdout predictions)","model_category":"Regression","scoring_time":1613562291591,"predictions":null,"MSE":62.29156177974722,"RMSE":7.892500350316572,"nobs":475,"custom_metric_name":null,"custom_metric_value":0.0,"r2":0.9353914643840403,"mean_residual_deviance":62.29156177974722,"mae":5.04070903552206,"rmsle":"NaN"},"cross_validation_metrics_summary":{"__meta":{"schema_version":3,"schema_name":"TwoDimTableV3","schema_type":"TwoDimTable"},"name":"Cross-Validation Metrics Summary","description":"","columns":[{"__meta":{"schema_version":-1,"schema_name":"ColumnSpecsBase","schema_type":"Iced"},"name":"","type":"string","format":"%s","description":""},{"__meta":{"schema_version":-1,"schema_name":"ColumnSpecsBase","schema_type":"Iced"},"name":"mean","type":"string","format":"%s","description":"mean"},{"__meta":{"schema_version":-1,"schema_name":"ColumnSpecsBase","schema_type":"Iced"},"name":"sd","type":"string","format":"%s","description":"sd"},{"__meta":{"schema_version":-1,"schema_name":"ColumnSpecsBase","schema_type":"Iced"},"name":"cv_1_valid","type":"string","format":"%s","description":"cv_1_valid"},{"__meta":{"schema_version":-1,"schema_name":"ColumnSpecsBase","schema_type":"Iced"},"name":"cv_2_valid","type":"string","format":"%s","description":"cv_2_valid"},{"__meta":{"schema_version":-1,"schema_name":"ColumnSpecsBase","schema_type":"Iced"},"name":"cv_3_valid","type":"string","format":"%s","description":"cv_3_valid"},{"__meta":{"schema_version":-1,"schema_name":"ColumnSpecsBase","schema_type":"Iced"},"name":"cv_4_valid","type":"string","format":"%s","description":"cv_4_valid"},{"__meta":{"schema_version":-1,"schema_name":"ColumnSpecsBase","schema_type":"Iced"},"name":"cv_5_valid","type":"string","format":"%s","description":"cv_5_valid"}],"rowcount":7,"data":[["mae","mean_residual_deviance","mse","r2","residual_deviance","rmse","rmsle"],["5.040709","62.29156","62.29156","0.93523586","62.29156","7.8205914","NaN"],["0.68434334","18.632057","18.632057","0.019520983","18.632057","1.1884385","0.0"],["4.5455065","44.25428","44.25428","0.95395523","44.25428","6.652389","NaN"],["5.596389","78.194084","78.194084","0.9150992","78.194084","8.842742","NaN"],["5.134033","61.275696","61.275696","0.9370128","61.275696","7.8278794","NaN"],["5.7696495","83.921616","83.921616","0.9154965","83.921616","9.160874","NaN"],["4.157967","43.812134","43.812134","0.95461565","43.812134","6.6190734","NaN"]]},"status":null,"start_time":1613562289688,"end_time":1613562291589,"run_time":1901,"default_threshold":0.5,"help":{"domains":"Domains for categorical columns", "__meta":"Metadata on this schema instance, to make it self-describing.", "help":"Help information for output fields", "training_metrics":"Training data model metrics", "cross_validation_models":"Cross-validation models (model ids)", "cross_validation_predictions":"Cross-validation predictions, one per cv model (deprecated, use cross_validation_holdout_predictions_frame_id instead)", "cross_validation_metrics_summary":"Cross-validation model metrics summary", "variable_importances_frequency":"Variable Importances - Frequency", "status":"Job status", "reproducibility_information_table":"Model reproducibility information", "variable_importances":"Variable Importances", "model_summary":"Model summary", "variable_importances_cover":"Variable Importances - Cover", "end_time":"End time in milliseconds", "names":"Column names", "cross_validation_fold_assignment_frame_id":"Cross-validation fold assignment (each row is assigned to one holdout fold)", "sparse":"Sparse", "run_time":"Runtime in milliseconds", "default_threshold":"Default threshold used for predictions", "scoring_history":"Scoring history", "cross_validation_holdout_predictions_frame_id":"Cross-validation holdout predictions (full out-of-sample predictions on training data)", "model_category":"Category of the model (e.g., Binomial)", "native_parameters":"XGBoost Native Parameters", "column_types":"Column types", "original_names":"Original column names", "start_time":"Start time in milliseconds", "cross_validation_metrics":"Cross-validation model metrics", "validation_metrics":"Validation data model metrics"},"variable_importances":{"__meta":{"schema_version":3,"schema_name":"TwoDimTableV3","schema_type":"TwoDimTable"},"name":"Variable Importances","description":"","columns":[{"__meta":{"schema_version":-1,"schema_name":"ColumnSpecsBase","schema_type":"Iced"},"name":"variable","type":"string","format":"%s","description":"Variable"},{"__meta":{"schema_version":-1,"schema_name":"ColumnSpecsBase","schema_type":"Iced"},"name":"relative_importance","type":"double","format":"%5f","description":"Relative Importance"},{"__meta":{"schema_version":-1,"schema_name":"ColumnSpecsBase","schema_type":"Iced"},"name":"scaled_importance","type":"double","format":"%5f","description":"Scaled Importance"},{"__meta":{"schema_version":-1,"schema_name":"ColumnSpecsBase","schema_type":"Iced"},"name":"percentage","type":"double","format":"%5f","description":"Percentage"}],"rowcount":117,"data":[["Time_Days","Prod_method","Encaps_rate","PLGA_conc","Hyper_wiener_index","diss_add_conc","Mean_part_size","pH_0_logd","Inner_phase_volume","bpKa1.1","PLGA_Mw","pH_1_logd","Dreiding_energy","C_no","PVA_Mw","PLGA_visc","pI","diss_pH","PVA_conc_inner_phase","Block_polymer","N_no","pH_2_msacc","diss_add","H_no","Fused_aromatic_ring_count","Hyper_wiener_index.1","PVA_conc_outer_phase","pH_11_msacc","Chiral_center_count","donorcount","PLGA_to_Placticizer","pH_1_msacc","pH_13_msacc","pH_12_msacc","Aliphatic_ring_count","S_no","pH_7_msacc","O_no","Fused_ring_count","pH_4_msacc","count","pH_6_msacc","ASA-","Maximal_projection_radius.1","Maximal_projection_radius","Maximal_projection_area","Platt_index","Heteroaromatic_ring_count","Balaban_index","La_to_Gly","pH_9_msacc","Atom_count.2","Aromatic_atom_count","Polar_surface_area","Asymmetric_atom_count","bpKa2.1","pH_10_msacc","pH_3_msacc","Mass","Heteroaliphatic_ring_count","pH_5_msacc","Heteroaromatic_ring_count.1","pH_1_msdon","pH_8_msacc","pH_0_msacc","Asymmetric_atom_count.1","Rotatable_bond_count.3","ASA_P","donorcount.1","Minimal_projection_radius.1","Bond_count.1","Ring_count_of_atom","Aromatic_ring_count","pH_2_logd","Chain_atom_count.1","Quaternary_structure","Dreiding_energy.2","Bond_count.3","bpKa1","Ring_bond_count.1","pH_0_msdon.1","pH_0_logd.1","Chain_atom_count.3","Aliphatic_atom_count.3","Wiener_polarity","pH_14_msacc","pH_0_msdon","pH_3_logd.1","acceptorcount.1","Fused_aliphatic_ring_count","Ring_count.3","acceptorcount","Ring_atom_count","Fragment_count","pH_14_msacc.1","pH_7_msacc.1","Atom_count.3","a_zz_","pH_14_logd.1","Dreiding_energy.1","bpKa2","a_yy_.1","Bond_count","Rotatable_bond_count.4","pH_9_logd","Chiral_center_count.1","Aromatic_bond_count","Hetero_ring_count.4","pH_3_msacc.1","Chain_atom_count","Hetero_ring_count.3","pH_1_msacc.1","pH_3_msdon","pH_2_msdon","Rotatable_bond_count","pH_13_logd.1","Aromatic_atom_count.3"],[231745.203125,68535.3125,43595.46875,32440.384765625,31162.224609375,29126.31640625,25851.56640625,20136.349609375,11020.376953125,10073.8125,9664.064453125,6928.99609375,6928.58837890625,4820.017578125,4512.2080078125,4462.16162109375,3384.8271484375,3291.92822265625,2724.474365234375,2641.561767578125,2614.50439453125,2404.40478515625,2371.318603515625,2298.72509765625,1961.9522705078125,1942.1181640625,1931.94384765625,1893.6005859375,1873.4169921875,1673.9169921875,1388.9124755859375,1267.0479736328125,887.4888305664062,878.8872680664062,807.4517822265625,745.6119995117188,605.761962890625,594.0596923828125,580.6336669921875,552.9383544921875,523.70361328125,473.46728515625,417.0376892089844,377.0415954589844,316.47528076171875,299.2691955566406,255.64404296875,252.24342346191406,244.27545166015625,237.58038330078125,207.670654296875,204.15753173828125,192.18173217773438,186.8708038330078,155.03060913085938,129.37640380859375,122.45552825927734,115.59941864013672,86.92466735839844,84.23681640625,82.00216674804688,75.01985168457031,60.01033020019531,55.68349075317383,53.98936080932617,52.73741149902344,51.88908386230469,44.626163482666016,43.06236267089844,37.516048431396484,31.67290687561035,25.536102294921875,24.98099708557129,24.590299606323242,24.063419342041016,23.510459899902344,23.33725357055664,22.136428833007812,21.44796371459961,19.93194007873535,19.2650146484375,18.243629455566406,16.784086227416992,16.38588523864746,16.246280670166016,13.985248565673828,13.855591773986816,13.008930206298828,11.83004379272461,8.640763282775879,7.918649673461914,7.651041030883789,7.157705307006836,6.647461891174316,6.152961254119873,5.351840972900391,4.663453102111816,4.60888671875,4.529853820800781,4.389726638793945,3.6347496509552,3.6009609699249268,3.070840835571289,2.8018991947174072,2.006476402282715,1.7737832069396973,1.5780739784240723,1.5659198760986328,1.1232507228851318,1.0478694438934326,1.0251460075378418,0.7363133430480957,0.6450465321540833,0.3576708436012268,0.16820451617240906,0.15168118476867676,0.0498032346367836],[1.0,0.29573562505642476,0.18811810627417921,0.13998298272489865,0.13446761438495256,0.12568249963102662,0.11155167855753217,0.08689003844672351,0.047553851404556445,0.04346934635176173,0.04170124914262991,0.029899199639582614,0.029897440315815597,0.02079878035501409,0.01947055622712795,0.019254601868444823,0.014605813206894183,0.014204946545886568,0.011756335529261561,0.011398560712185722,0.011281805876780217,0.010375208430352488,0.010232438779915415,0.009919191709941677,0.008465988698154688,0.008380402864325738,0.008336499835184022,0.008171045443025283,0.00808395154214694,0.007223092299712514,0.005993273892434262,0.005467418339396588,0.0038295887837113403,0.0037924723196637094,0.0034842222032575782,0.0032173783511261996,0.0026139137066146126,0.002563417427295724,0.002505483000996582,0.0023859754033137013,0.0022598250415512243,0.0020430510697598716,0.0017995526275641628,0.00162696612648165,0.0013656173957180748,0.0012913716940894744,0.0011031254995636708,0.0010884515410049616,0.0010540690739924295,0.001025179292158353,8.961163014229057E-4,8.809568827543828E-4,8.292803026178467E-4,8.063632011067449E-4,6.689700888748843E-4,5.582700399576771E-4,5.284058811488176E-4,4.988211927639515E-4,3.7508723454143095E-4,3.6348893211314446E-4,3.5384623130178057E-4,3.237169558331945E-4,2.589496109993984E-4,2.4027893566857977E-4,2.3296862278614282E-4,2.275663564461252E-4,2.239057515003513E-4,1.925656405435728E-4,1.8581770880353983E-4,1.6188489740243242E-4,1.3667125122122353E-4,1.1019042444277939E-4,1.0779509887890496E-4,1.0610920646784473E-4,1.0383567391063347E-4,1.0144960751235547E-4,1.0070220766541115E-4,9.552054814730186E-5,9.254976338401657E-5,8.600799416756148E-5,8.313015496612558E-5,7.872279214222207E-5,7.2424740625004E-5,7.070646994064922E-5,7.010406451176039E-5,6.034752123059215E-5,5.9788041293408394E-5,5.613462557532205E-5,5.1047631766270714E-5,3.728561871511609E-5,3.416963788972456E-5,3.301488413875358E-5,3.0886099088515214E-5,2.8684355928561643E-5,2.6550544180200594E-5,2.3093642935140647E-5,2.0123191501816836E-5,1.9887732978291823E-5,1.9546699391043895E-5,1.8942038840934242E-5,1.5684249779248585E-5,1.5538448784990042E-5,1.3250935916524331E-5,1.2090430166125611E-5,8.658114063316557E-6,7.65402339733843E-6,6.8095216519881195E-6,6.757075680457551E-6,4.8469211346707645E-6,4.5216445896756146E-6,4.423591054805535E-6,3.177253868124032E-6,2.783429919825156E-6,1.5433797065836324E-6,7.25816603339496E-7,6.545170416617518E-7,2.149051370436369E-7],[0.39396893104189523,0.1165106480744864,0.07411268923846402,0.0551489460681844,0.05297606229899353,0.049515000030308946,0.04394789555724005,0.03423197556504484,0.01873474000477823,0.017125571915293476,0.016428996547833655,0.011779355721014581,0.011778662602110733,0.008194073263440071,0.0076707942235927145,0.007585714915748485,0.005754236616117697,0.0055963076061901935,0.004631630941433031,0.004490678779195953,0.0044446810014972735,0.0040875097746428295,0.004031262968074911,0.003907853354765351,0.0033353365176247685,0.0033016183581588477,0.0032843219286983845,0.00321913803868342,0.003184825747654111,0.002845673952134684,0.0023611637088436247,0.0021539929587309275,0.0015087389994487884,0.0014941162657838884,0.001372675296929825,0.0012675471097505244,0.0010298007888307169,0.0010099068236458617,9.870824596462631E-4,9.400001791357537E-4,8.903008559616422E-4,8.048986460172971E-4,7.08967825035087E-4,6.409741056913485E-4,5.380108256032667E-4,5.087603258981916E-4,4.3459717386815604E-4,4.2881609010062823E-4,4.152704663251178E-4,4.0388878985791316E-4,3.530419813607989E-4,3.470696413927444E-4,3.267106743564525E-4,3.1768204837154506E-4,2.6355343081303984E-4,2.1994105087484218E-4,2.081755001524504E-4,1.9652005209425713E-4,1.4777271683974819E-4,1.4320334603017555E-4,1.394044214991657E-4,1.2753442304974004E-4,1.0201810143914757E-4,9.466243543723469E-5,9.17823992853592E-5,8.965407419017884E-5,8.821190957272564E-5,7.586487956034921E-5,7.320640410598475E-5,6.377761998146318E-5,5.384422674778375E-5,4.341160372877452E-5,4.246791987687758E-5,4.180373064584055E-5,4.090802945458707E-5,3.996799342626251E-5,3.967354110750098E-5,3.76321282461284E-5,3.646173134858135E-5,3.388447752325176E-5,3.275069828935159E-5,3.101433426890453E-5,2.8533097645019348E-5,2.785615238026347E-5,2.7618823357390302E-5,2.3775048430244466E-5,2.3554630717452795E-5,2.211529843234666E-5,2.0111180919177966E-5,1.4689375348429968E-5,1.3461775713503425E-5,1.300683861261677E-5,1.2168163441956393E-5,1.1300745042800681E-5,1.046008950925424E-5,9.098177821020576E-6,7.92791224512213E-6,7.835148902304277E-6,7.700792264486828E-6,7.462574793916923E-6,6.179107119724647E-6,6.121666057871762E-6,5.220457058337747E-6,4.763253848385191E-6,3.4110279423636244E-6,3.015447416019077E-6,2.6827399661403996E-6,2.662077882799048E-6,1.909536338270611E-6,1.7813874855458708E-6,1.7427574392282264E-6,1.2517393100735516E-6,1.0965849101435449E-6,6.080436531945076E-7,2.859491913501205E-7,2.57859379252184E-7,8.466594711649364E-8]]},"variable_importances_cover":{"__meta":{"schema_version":3,"schema_name":"TwoDimTableV3","schema_type":"TwoDimTable"},"name":"Variable Importances - Cover","description":"","columns":[{"__meta":{"schema_version":-1,"schema_name":"ColumnSpecsBase","schema_type":"Iced"},"name":"variable","type":"string","format":"%s","description":"Variable"},{"__meta":{"schema_version":-1,"schema_name":"ColumnSpecsBase","schema_type":"Iced"},"name":"relative_importance","type":"double","format":"%5f","description":"Relative Importance"},{"__meta":{"schema_version":-1,"schema_name":"ColumnSpecsBase","schema_type":"Iced"},"name":"scaled_importance","type":"double","format":"%5f","description":"Scaled Importance"},{"__meta":{"schema_version":-1,"schema_name":"ColumnSpecsBase","schema_type":"Iced"},"name":"percentage","type":"double","format":"%5f","description":"Percentage"}],"rowcount":117,"data":[["Time_Days","Mean_part_size","Encaps_rate","Dreiding_energy","Inner_phase_volume","PLGA_visc","PVA_Mw","Block_polymer","Prod_method","PLGA_Mw","C_no","PLGA_conc","Hyper_wiener_index","PVA_conc_inner_phase","pI","S_no","Fused_aromatic_ring_count","diss_add","PLGA_to_Placticizer","diss_add_conc","Balaban_index","pH_0_logd","PVA_conc_outer_phase","N_no","Hyper_wiener_index.1","H_no","diss_pH","pH_1_logd","Aromatic_atom_count","pH_11_msacc","Heteroaromatic_ring_count","La_to_Gly","count","bpKa1","Maximal_projection_radius","donorcount.1","Heteroaromatic_ring_count.1","Chain_atom_count.1","Asymmetric_atom_count","Polar_surface_area","Atom_count.2","Bond_count.1","pH_0_logd.1","bpKa2.1","Mass","Dreiding_energy.2","pH_2_msacc","Asymmetric_atom_count.1","pH_0_msdon","Fused_ring_count","Maximal_projection_radius.1","pH_14_msacc.1","bpKa1.1","pH_4_msacc","pH_9_msacc","ASA-","pH_2_logd","pH_10_msacc","Ring_atom_count","pH_12_msacc","pH_3_logd.1","Atom_count.3","pH_7_msacc","Chiral_center_count","Maximal_projection_area","Fused_aliphatic_ring_count","pH_1_msacc","Rotatable_bond_count.3","Ring_count_of_atom","a_yy_.1","pH_6_msacc","pH_9_logd","pH_8_msacc","Bond_count","ASA_P","pH_1_msdon","O_no","Minimal_projection_radius.1","Ring_bond_count.1","pH_3_msacc","Heteroaliphatic_ring_count","pH_13_msacc","Platt_index","Aliphatic_atom_count.3","pH_0_msacc","pH_7_msacc.1","pH_5_msacc","pH_14_msacc","donorcount","Fragment_count","Aliphatic_ring_count","Quaternary_structure","Rotatable_bond_count.4","Ring_count.3","Wiener_polarity","bpKa2","pH_3_msacc.1","Chain_atom_count","Chain_atom_count.3","Bond_count.3","Hetero_ring_count.4","pH_0_msdon.1","Aromatic_ring_count","Aromatic_atom_count.3","Hetero_ring_count.3","a_zz_","Rotatable_bond_count","acceptorcount.1","pH_14_logd.1","Dreiding_energy.1","pH_2_msdon","pH_3_msdon","acceptorcount","pH_1_msacc.1","pH_13_logd.1","Chiral_center_count.1","Aromatic_bond_count"],[32450.0,12244.0,11017.0,5157.0,3548.0,3041.0,2969.0,2957.0,2769.0,2313.0,2198.0,2149.0,2084.0,1991.0,1820.0,1478.0,1460.0,1296.0,1014.0,992.0,934.0,926.0,872.0,767.0,697.0,655.0,603.0,583.0,499.0,430.0,378.0,370.0,354.0,351.0,329.0,323.0,292.0,288.0,286.0,285.0,280.0,276.0,275.0,270.0,266.0,264.0,258.0,243.0,230.0,224.0,223.0,219.0,182.0,172.0,171.0,162.0,162.0,160.0,160.0,147.0,145.0,143.0,138.0,138.0,137.0,134.0,134.0,133.0,132.0,127.0,123.0,116.0,113.0,105.0,102.0,99.0,94.0,94.0,93.0,92.0,89.0,82.0,79.0,77.0,75.0,70.0,67.0,63.0,59.0,59.0,56.0,49.0,46.0,42.0,39.0,39.0,34.0,32.0,30.0,29.0,29.0,27.0,24.0,24.0,19.0,19.0,19.0,17.0,15.0,14.0,13.0,12.0,12.0,12.0,11.0,11.0,11.0],[1.0,0.3773189522342065,0.33950693374422186,0.15892141756548536,0.10933744221879815,0.09371340523882897,0.09149460708782743,0.09112480739599384,0.08533127889060092,0.0712788906009245,0.06773497688751925,0.06622496147919876,0.06422187981510015,0.06135593220338983,0.05608628659476117,0.045546995377503854,0.04499229583975347,0.03993836671802774,0.031248073959938366,0.03057010785824345,0.028782742681047767,0.028536209553158706,0.02687211093990755,0.023636363636363636,0.02147919876733436,0.020184899845916794,0.018582434514637904,0.017966101694915255,0.015377503852080122,0.01325115562403698,0.01164869029275809,0.01140215716486903,0.01090909090909091,0.010816640986132511,0.010138674884437596,0.009953775038520801,0.008998459167950694,0.008875192604006163,0.008813559322033898,0.008782742681047766,0.008628659476117103,0.008505392912172572,0.00847457627118644,0.008320493066255779,0.008197226502311248,0.008135593220338983,0.007950693374422188,0.0074884437596302,0.007087827426810477,0.006902927580893683,0.00687211093990755,0.00674884437596302,0.005608628659476117,0.005300462249614792,0.0052696456086286595,0.004992295839753467,0.004992295839753467,0.004930662557781202,0.004930662557781202,0.004530046224961479,0.004468412942989214,0.004406779661016949,0.004252696456086286,0.004252696456086286,0.0042218798151001545,0.004129429892141757,0.004129429892141757,0.004098613251155624,0.004067796610169492,0.003913713405238829,0.003790446841294299,0.003574730354391371,0.003482280431432974,0.0032357473035439137,0.003143297380585516,0.0030508474576271187,0.0028967642526964562,0.0028967642526964562,0.0028659476117103237,0.002835130970724191,0.0027426810477657933,0.0025269645608628657,0.0024345146379044684,0.0023728813559322033,0.0023112480739599386,0.0021571648690292757,0.0020647149460708784,0.0019414483821263483,0.0018181818181818182,0.0018181818181818182,0.0017257318952234207,0.001510015408320493,0.0014175654853620955,0.0012942989214175654,0.001201848998459168,0.001201848998459168,0.0010477657935285055,9.861325115562403E-4,9.244992295839754E-4,8.936825885978428E-4,8.936825885978428E-4,8.320493066255779E-4,7.395993836671802E-4,7.395993836671802E-4,5.855161787365177E-4,5.855161787365177E-4,5.855161787365177E-4,5.238828967642527E-4,4.622496147919877E-4,4.3143297380585517E-4,4.0061633281972264E-4,3.697996918335901E-4,3.697996918335901E-4,3.697996918335901E-4,3.3898305084745765E-4,3.3898305084745765E-4,3.3898305084745765E-4],[0.2863824905127526,0.1080575412584944,0.09722884123201836,0.04551231135822081,0.0313123290089136,0.026837878386726677,0.026202453446297767,0.026096549289559616,0.024437384167328567,0.020413026211278794,0.019398111375871503,0.01896566940252405,0.01839202188685906,0.017571264672138383,0.016062130438619714,0.013043861971582384,0.012885005736475157,0.011437648927720413,0.008948901244373841,0.00875474362368723,0.008242873532786162,0.008172270761627394,0.00769570205630571,0.00676904068484688,0.0061512664372076606,0.005780601888624128,0.005321683876092137,0.005145176948195216,0.004403847851028153,0.003794898949783779,0.003335980937251787,0.0032653781660930193,0.0031241726237754832,0.003097696584590945,0.0029035389639043333,0.002850586885535257,0.0025770011472950314,0.0025416997617156473,0.0025240490689259552,0.002515223722531109,0.0024710969905568795,0.0024357956049774953,0.0024269702585826493,0.0023828435266084196,0.0023475421410290354,0.0023298914482393434,0.0022769393698702676,0.0021445591739475776,0.0020298296708145796,0.0019768775924455034,0.0019680522460506574,0.0019327508604712735,0.0016062130438619716,0.0015179595799135117,0.0015091342335186656,0.0014297061159650516,0.0014297061159650516,0.0014120554231753597,0.0014120554231753597,0.0012973259200423617,0.0012796752272526697,0.0012620245344629776,0.0012178978024887477,0.0012178978024887477,0.0012090724560939016,0.0011825964169093638,0.0011825964169093638,0.0011737710705145177,0.0011649457241196717,0.0011208189921454417,0.0010855176065660576,0.0010237401818021358,9.972641426175977E-4,9.266613714588298E-4,9.001853322742918E-4,8.737092930897538E-4,8.295825611155238E-4,8.295825611155238E-4,8.207572147206777E-4,8.119318683258318E-4,7.854558291412938E-4,7.236784043773718E-4,6.972023651928338E-4,6.795516724031419E-4,6.619009796134498E-4,6.177742476392199E-4,5.912982084546819E-4,5.559968228752979E-4,5.206954372959138E-4,5.206954372959138E-4,4.942193981113758E-4,4.324419733474539E-4,4.059659341629159E-4,3.706645485835319E-4,3.441885093989939E-4,3.441885093989939E-4,3.000617774247639E-4,2.8241108463507194E-4,2.6476039184537993E-4,2.5593504545053396E-4,2.5593504545053396E-4,2.3828435266084195E-4,2.1180831347630396E-4,2.1180831347630396E-4,1.6768158150207396E-4,1.6768158150207396E-4,1.6768158150207396E-4,1.5003088871238195E-4,1.3238019592268997E-4,1.2355484952784396E-4,1.1472950313299797E-4,1.0590415673815198E-4,1.0590415673815198E-4,1.0590415673815198E-4,9.707881034330597E-5,9.707881034330597E-5,9.707881034330597E-5]]},"variable_importances_frequency":{"__meta":{"schema_version":3,"schema_name":"TwoDimTableV3","schema_type":"TwoDimTable"},"name":"Variable Importances - Frequency","description":"","columns":[{"__meta":{"schema_version":-1,"schema_name":"ColumnSpecsBase","schema_type":"Iced"},"name":"variable","type":"string","format":"%s","description":"Variable"},{"__meta":{"schema_version":-1,"schema_name":"ColumnSpecsBase","schema_type":"Iced"},"name":"relative_importance","type":"double","format":"%5f","description":"Relative Importance"},{"__meta":{"schema_version":-1,"schema_name":"ColumnSpecsBase","schema_type":"Iced"},"name":"scaled_importance","type":"double","format":"%5f","description":"Scaled Importance"},{"__meta":{"schema_version":-1,"schema_name":"ColumnSpecsBase","schema_type":"Iced"},"name":"percentage","type":"double","format":"%5f","description":"Percentage"}],"rowcount":117,"data":[["Time_Days","Encaps_rate","Mean_part_size","C_no","PLGA_visc","PLGA_Mw","Prod_method","Inner_phase_volume","PVA_Mw","PLGA_conc","H_no","PVA_conc_outer_phase","Dreiding_energy","pI","Hyper_wiener_index","PLGA_to_Placticizer","Fused_aromatic_ring_count","PVA_conc_inner_phase","Block_polymer","S_no","Balaban_index","diss_pH","pH_11_msacc","Hyper_wiener_index.1","N_no","La_to_Gly","pH_0_logd","pH_0_msdon","pH_7_msacc","diss_add","pH_10_msacc","pH_1_logd","Atom_count.2","diss_add_conc","Aromatic_atom_count","pH_13_msacc","Fused_ring_count","Asymmetric_atom_count.1","pH_8_msacc","pH_12_msacc","pH_3_msacc","O_no","pH_6_msacc","pH_1_msdon","Polar_surface_area","pH_4_msacc","pH_2_msacc","pH_0_msacc","ASA-","pH_5_msacc","pH_14_msacc","bpKa1","Maximal_projection_radius","bpKa2.1","Aliphatic_ring_count","Aliphatic_atom_count.3","pH_2_logd","count","Minimal_projection_radius.1","Platt_index","Maximal_projection_radius.1","Atom_count.3","Heteroaromatic_ring_count","donorcount","Ring_count.3","Bond_count.3","pH_1_msacc","bpKa1.1","pH_9_msacc","donorcount.1","Chain_atom_count.3","bpKa2","Heteroaromatic_ring_count.1","pH_0_msdon.1","pH_2_msdon","Wiener_polarity","Fused_aliphatic_ring_count","Heteroaliphatic_ring_count","pH_3_msacc.1","Mass","pH_13_logd.1","pH_7_msacc.1","pH_3_msdon","pH_9_logd","Bond_count.1","Rotatable_bond_count.4","Rotatable_bond_count.3","Ring_bond_count.1","Chiral_center_count","pH_14_logd.1","Chain_atom_count","Chiral_center_count.1","pH_0_logd.1","Maximal_projection_area","pH_3_logd.1","Quaternary_structure","Ring_count_of_atom","Hetero_ring_count.3","Aromatic_bond_count","Hetero_ring_count.4","Dreiding_energy.1","Dreiding_energy.2","Aromatic_ring_count","Asymmetric_atom_count","acceptorcount","Bond_count","pH_14_msacc.1","a_zz_","acceptorcount.1","Ring_atom_count","pH_1_msacc.1","Aromatic_atom_count.3","ASA_P","a_yy_.1","Rotatable_bond_count","Fragment_count","Chain_atom_count.1"],[535.0,215.0,168.0,86.0,62.0,42.0,41.0,34.0,34.0,29.0,25.0,24.0,24.0,24.0,21.0,20.0,19.0,18.0,17.0,12.0,12.0,11.0,10.0,10.0,10.0,10.0,10.0,10.0,8.0,8.0,8.0,8.0,7.0,6.0,6.0,5.0,5.0,5.0,5.0,5.0,5.0,5.0,5.0,5.0,5.0,5.0,4.0,4.0,4.0,4.0,4.0,4.0,3.0,3.0,3.0,3.0,3.0,3.0,3.0,3.0,3.0,2.0,2.0,2.0,2.0,2.0,2.0,2.0,2.0,2.0,2.0,2.0,2.0,1.0,1.0,1.0,1.0,1.0,1.0,1.0,1.0,1.0,1.0,1.0,1.0,1.0,1.0,1.0,1.0,1.0,1.0,1.0,1.0,1.0,1.0,1.0,1.0,1.0,1.0,1.0,1.0,1.0,1.0,1.0,1.0,1.0,1.0,1.0,1.0,1.0,1.0,1.0,1.0,1.0,1.0,1.0,1.0],[1.0,0.40186915887850466,0.31401869158878504,0.16074766355140188,0.11588785046728972,0.07850467289719626,0.07663551401869159,0.06355140186915888,0.06355140186915888,0.05420560747663551,0.04672897196261682,0.044859813084112146,0.044859813084112146,0.044859813084112146,0.03925233644859813,0.037383177570093455,0.03551401869158879,0.03364485981308411,0.03177570093457944,0.022429906542056073,0.022429906542056073,0.020560747663551402,0.018691588785046728,0.018691588785046728,0.018691588785046728,0.018691588785046728,0.018691588785046728,0.018691588785046728,0.014953271028037384,0.014953271028037384,0.014953271028037384,0.014953271028037384,0.013084112149532711,0.011214953271028037,0.011214953271028037,0.009345794392523364,0.009345794392523364,0.009345794392523364,0.009345794392523364,0.009345794392523364,0.009345794392523364,0.009345794392523364,0.009345794392523364,0.009345794392523364,0.009345794392523364,0.009345794392523364,0.007476635514018692,0.007476635514018692,0.007476635514018692,0.007476635514018692,0.007476635514018692,0.007476635514018692,0.005607476635514018,0.005607476635514018,0.005607476635514018,0.005607476635514018,0.005607476635514018,0.005607476635514018,0.005607476635514018,0.005607476635514018,0.005607476635514018,0.003738317757009346,0.003738317757009346,0.003738317757009346,0.003738317757009346,0.003738317757009346,0.003738317757009346,0.003738317757009346,0.003738317757009346,0.003738317757009346,0.003738317757009346,0.003738317757009346,0.003738317757009346,0.001869158878504673,0.001869158878504673,0.001869158878504673,0.001869158878504673,0.001869158878504673,0.001869158878504673,0.001869158878504673,0.001869158878504673,0.001869158878504673,0.001869158878504673,0.001869158878504673,0.001869158878504673,0.001869158878504673,0.001869158878504673,0.001869158878504673,0.001869158878504673,0.001869158878504673,0.001869158878504673,0.001869158878504673,0.001869158878504673,0.001869158878504673,0.001869158878504673,0.001869158878504673,0.001869158878504673,0.001869158878504673,0.001869158878504673,0.001869158878504673,0.001869158878504673,0.001869158878504673,0.001869158878504673,0.001869158878504673,0.001869158878504673,0.001869158878504673,0.001869158878504673,0.001869158878504673,0.001869158878504673,0.001869158878504673,0.001869158878504673,0.001869158878504673,0.001869158878504673,0.001869158878504673,0.001869158878504673,0.001869158878504673,0.001869158878504673],[0.3043230944254835,0.1222980659840728,0.09556313993174062,0.048919226393629126,0.03526734926052332,0.023890784982935155,0.023321956769055744,0.019340159271899887,0.019340159271899887,0.016496018202502846,0.01422070534698521,0.013651877133105802,0.013651877133105802,0.013651877133105802,0.011945392491467578,0.011376564277588168,0.01080773606370876,0.010238907849829351,0.009670079635949944,0.006825938566552901,0.006825938566552901,0.006257110352673493,0.005688282138794084,0.005688282138794084,0.005688282138794084,0.005688282138794084,0.005688282138794084,0.005688282138794084,0.004550625711035267,0.004550625711035267,0.004550625711035267,0.004550625711035267,0.003981797497155859,0.0034129692832764505,0.0034129692832764505,0.002844141069397042,0.002844141069397042,0.002844141069397042,0.002844141069397042,0.002844141069397042,0.002844141069397042,0.002844141069397042,0.002844141069397042,0.002844141069397042,0.002844141069397042,0.002844141069397042,0.0022753128555176336,0.0022753128555176336,0.0022753128555176336,0.0022753128555176336,0.0022753128555176336,0.0022753128555176336,0.0017064846416382253,0.0017064846416382253,0.0017064846416382253,0.0017064846416382253,0.0017064846416382253,0.0017064846416382253,0.0017064846416382253,0.0017064846416382253,0.0017064846416382253,0.0011376564277588168,0.0011376564277588168,0.0011376564277588168,0.0011376564277588168,0.0011376564277588168,0.0011376564277588168,0.0011376564277588168,0.0011376564277588168,0.0011376564277588168,0.0011376564277588168,0.0011376564277588168,0.0011376564277588168,5.688282138794084E-4,5.688282138794084E-4,5.688282138794084E-4,5.688282138794084E-4,5.688282138794084E-4,5.688282138794084E-4,5.688282138794084E-4,5.688282138794084E-4,5.688282138794084E-4,5.688282138794084E-4,5.688282138794084E-4,5.688282138794084E-4,5.688282138794084E-4,5.688282138794084E-4,5.688282138794084E-4,5.688282138794084E-4,5.688282138794084E-4,5.688282138794084E-4,5.688282138794084E-4,5.688282138794084E-4,5.688282138794084E-4,5.688282138794084E-4,5.688282138794084E-4,5.688282138794084E-4,5.688282138794084E-4,5.688282138794084E-4,5.688282138794084E-4,5.688282138794084E-4,5.688282138794084E-4,5.688282138794084E-4,5.688282138794084E-4,5.688282138794084E-4,5.688282138794084E-4,5.688282138794084E-4,5.688282138794084E-4,5.688282138794084E-4,5.688282138794084E-4,5.688282138794084E-4,5.688282138794084E-4,5.688282138794084E-4,5.688282138794084E-4,5.688282138794084E-4,5.688282138794084E-4,5.688282138794084E-4]]},"native_parameters":{"__meta":{"schema_version":3,"schema_name":"TwoDimTableV3","schema_type":"TwoDimTable"},"name":"Native XGBoost Parameters","description":"","columns":[{"__meta":{"schema_version":-1,"schema_name":"ColumnSpecsBase","schema_type":"Iced"},"name":"","type":"string","format":"%s","description":""},{"__meta":{"schema_version":-1,"schema_name":"ColumnSpecsBase","schema_type":"Iced"},"name":"name","type":"string","format":"%s","description":"Name"},{"__meta":{"schema_version":-1,"schema_name":"ColumnSpecsBase","schema_type":"Iced"},"name":"value","type":"string","format":"%s","description":"Value"}],"rowcount":20,"data":[["","","","","","","","","","","","","","","","","","","",""],["silent","updater","eta","objective","min_child_weight","nthread","seed","max_bin","max_depth","colsample_bytree","lambda","gamma","gpu_id","alpha","booster","grow_policy","nround","subsample","max_delta_step","colsample_bylevel"],[true,"grow_gpu_hist",0.3,"reg:squarederror",5.0,4,73158465,256,15,0.9,0.01,0.0,0,0.1,"gbtree","depthwise",46,0.6,0.0,0.8]]},"sparse":false},"compatible_frames":null}
