{"__meta":{"schema_version":99,"schema_name":"StackedEnsembleModelV99","schema_type":"StackedEnsembleModel"},"model_id":{"__meta":{"schema_version":3,"schema_name":"ModelKeyV3","schema_type":"Key<Model>"},"name":"StackedEnsemble_BestOfFamily_AutoML_20191030_225608","type":"Key<Model>","URL":"/3/Models/StackedEnsemble_BestOfFamily_AutoML_20191030_225608"},"algo":"stackedensemble","algo_full_name":"Stacked Ensemble","response_column_name":"Q_perc","data_frame":{"__meta":{"schema_version":3,"schema_name":"FrameKeyV3","schema_type":"Key<Frame>"},"name":"automl_training_Key_Frame__upload_8e50baadcd8f2df7dbf131ed681c4578.hex","type":"Key<Frame>","URL":"/3/Frames/automl_training_Key_Frame__upload_8e50baadcd8f2df7dbf131ed681c4578.hex"},"timestamp":1572473301291,"have_pojo":false,"have_mojo":true,"algo":"stackedensemble","algo_full_name":"Stacked Ensemble","model_id":{"__meta":{"schema_version":3,"schema_name":"ModelKeyV3","schema_type":"Key<Model>"},"name":"StackedEnsemble_BestOfFamily_AutoML_20191030_225608","type":"Key<Model>","URL":"/3/Models/StackedEnsemble_BestOfFamily_AutoML_20191030_225608"},"parameters":[{"__meta":{"schema_version":3,"schema_name":"ModelParameterSchemaV3","schema_type":"Iced"},"name":"model_id","label":"model_id","help":"Destination id for this model; auto-generated if not specified.","required":false,"type":"Key<Model>","default_value":null,"actual_value":{"__meta":{"schema_version":3,"schema_name":"ModelKeyV3","schema_type":"Key<Model>"},"name":"StackedEnsemble_BestOfFamily_AutoML_20191030_225608","type":"Key<Model>","URL":"/3/Models/StackedEnsemble_BestOfFamily_AutoML_20191030_225608"},"level":"critical","values":[],"is_member_of_frames":[],"is_mutually_exclusive_with":[],"gridable":false},{"__meta":{"schema_version":3,"schema_name":"ModelParameterSchemaV3","schema_type":"Iced"},"name":"training_frame","label":"training_frame","help":"Id of the training data frame.","required":false,"type":"Key<Frame>","default_value":null,"actual_value":{"__meta":{"schema_version":3,"schema_name":"FrameKeyV3","schema_type":"Key<Frame>"},"name":"automl_training_Key_Frame__upload_8e50baadcd8f2df7dbf131ed681c4578.hex","type":"Key<Frame>","URL":"/3/Frames/automl_training_Key_Frame__upload_8e50baadcd8f2df7dbf131ed681c4578.hex"},"level":"critical","values":[],"is_member_of_frames":[],"is_mutually_exclusive_with":[],"gridable":false},{"__meta":{"schema_version":3,"schema_name":"ModelParameterSchemaV3","schema_type":"Iced"},"name":"response_column","label":"response_column","help":"Response variable column.","required":false,"type":"VecSpecifier","default_value":null,"actual_value":{"__meta":{"schema_version":3,"schema_name":"ColSpecifierV3","schema_type":"VecSpecifier"},"column_name":"Q_perc","is_member_of_frames":null},"level":"critical","values":[],"is_member_of_frames":["training_frame","validation_frame"],"is_mutually_exclusive_with":["ignored_columns","metalearner_fold_column"],"gridable":true},{"__meta":{"schema_version":3,"schema_name":"ModelParameterSchemaV3","schema_type":"Iced"},"name":"validation_frame","label":"validation_frame","help":"Id of the validation data frame.","required":false,"type":"Key<Frame>","default_value":null,"actual_value":null,"level":"critical","values":[],"is_member_of_frames":[],"is_mutually_exclusive_with":[],"gridable":true},{"__meta":{"schema_version":3,"schema_name":"ModelParameterSchemaV3","schema_type":"Iced"},"name":"blending_frame","label":"blending_frame","help":"Frame used to compute the predictions that serve as the training frame for the metalearner (triggers blending mode if provided)","required":false,"type":"Key<Frame>","default_value":null,"actual_value":null,"level":"critical","values":[],"is_member_of_frames":[],"is_mutually_exclusive_with":[],"gridable":false},{"__meta":{"schema_version":3,"schema_name":"ModelParameterSchemaV3","schema_type":"Iced"},"name":"base_models","label":"base_models","help":"List of models (or model ids) to ensemble/stack together. If not using blending frame, then models must have been cross-validated using nfolds > 1, and folds must be identical across models.","required":true,"type":"Key<Model>[]","default_value":[],"actual_value":[{"__meta":{"schema_version":3,"schema_name":"ModelKeyV3","schema_type":"Key<Model>"},"name":"GBM_grid_1_AutoML_20191030_225608_model_25","type":"Key<Model>","URL":"/3/Models/GBM_grid_1_AutoML_20191030_225608_model_25"},{"__meta":{"schema_version":3,"schema_name":"ModelKeyV3","schema_type":"Key<Model>"},"name":"XGBoost_grid_1_AutoML_20191030_225608_model_2","type":"Key<Model>","URL":"/3/Models/XGBoost_grid_1_AutoML_20191030_225608_model_2"},{"__meta":{"schema_version":3,"schema_name":"ModelKeyV3","schema_type":"Key<Model>"},"name":"XRT_1_AutoML_20191030_225608","type":"Key<Model>","URL":"/3/Models/XRT_1_AutoML_20191030_225608"},{"__meta":{"schema_version":3,"schema_name":"ModelKeyV3","schema_type":"Key<Model>"},"name":"DRF_1_AutoML_20191030_225608","type":"Key<Model>","URL":"/3/Models/DRF_1_AutoML_20191030_225608"},{"__meta":{"schema_version":3,"schema_name":"ModelKeyV3","schema_type":"Key<Model>"},"name":"DeepLearning_grid_1_AutoML_20191030_225608_model_1","type":"Key<Model>","URL":"/3/Models/DeepLearning_grid_1_AutoML_20191030_225608_model_1"},{"__meta":{"schema_version":3,"schema_name":"ModelKeyV3","schema_type":"Key<Model>"},"name":"GLM_grid_1_AutoML_20191030_225608_model_1","type":"Key<Model>","URL":"/3/Models/GLM_grid_1_AutoML_20191030_225608_model_1"}],"level":"critical","values":[],"is_member_of_frames":[],"is_mutually_exclusive_with":[],"gridable":false},{"__meta":{"schema_version":3,"schema_name":"ModelParameterSchemaV3","schema_type":"Iced"},"name":"metalearner_algorithm","label":"metalearner_algorithm","help":"Type of algorithm to use as the metalearner. Options include 'AUTO' (GLM with non negative weights; if validation_frame is present, a lambda search is performed), 'glm' (GLM with default parameters), 'gbm' (GBM with default parameters), 'drf' (Random Forest with default parameters), or 'deeplearning' (Deep Learning with default parameters).","required":false,"type":"enum","default_value":"AUTO","actual_value":"AUTO","level":"critical","values":["AUTO","glm","gbm","drf","deeplearning"],"is_member_of_frames":[],"is_mutually_exclusive_with":[],"gridable":false},{"__meta":{"schema_version":3,"schema_name":"ModelParameterSchemaV3","schema_type":"Iced"},"name":"metalearner_nfolds","label":"metalearner_nfolds","help":"Number of folds for K-fold cross-validation of the metalearner algorithm (0 to disable or >= 2).","required":false,"type":"int","default_value":0,"actual_value":0,"level":"critical","values":[],"is_member_of_frames":[],"is_mutually_exclusive_with":[],"gridable":false},{"__meta":{"schema_version":3,"schema_name":"ModelParameterSchemaV3","schema_type":"Iced"},"name":"metalearner_fold_assignment","label":"metalearner_fold_assignment","help":"Cross-validation fold assignment scheme for metalearner cross-validation.  Defaults to AUTO (which is currently set to Random). The 'Stratified' option will stratify the folds based on the response variable, for classification problems.","required":false,"type":"enum","default_value":null,"actual_value":null,"level":"secondary","values":["AUTO","Random","Modulo","Stratified"],"is_member_of_frames":[],"is_mutually_exclusive_with":[],"gridable":false},{"__meta":{"schema_version":3,"schema_name":"ModelParameterSchemaV3","schema_type":"Iced"},"name":"metalearner_fold_column","label":"metalearner_fold_column","help":"Column with cross-validation fold index assignment per observation for cross-validation of the metalearner.","required":false,"type":"VecSpecifier","default_value":null,"actual_value":{"__meta":{"schema_version":3,"schema_name":"ColSpecifierV3","schema_type":"VecSpecifier"},"column_name":"Fold_no","is_member_of_frames":null},"level":"secondary","values":[],"is_member_of_frames":["training_frame"],"is_mutually_exclusive_with":["response_column","ignored_columns"],"gridable":false},{"__meta":{"schema_version":3,"schema_name":"ModelParameterSchemaV3","schema_type":"Iced"},"name":"metalearner_params","label":"metalearner_params","help":"Parameters for metalearner algorithm","required":false,"type":"string","default_value":"","actual_value":"","level":"critical","values":[],"is_member_of_frames":[],"is_mutually_exclusive_with":[],"gridable":false},{"__meta":{"schema_version":3,"schema_name":"ModelParameterSchemaV3","schema_type":"Iced"},"name":"seed","label":"seed","help":"Seed for random numbers; passed through to the metalearner algorithm. Defaults to -1 (time-based random number)","required":false,"type":"long","default_value":-1,"actual_value":12,"level":"critical","values":[],"is_member_of_frames":[],"is_mutually_exclusive_with":[],"gridable":true},{"__meta":{"schema_version":3,"schema_name":"ModelParameterSchemaV3","schema_type":"Iced"},"name":"keep_levelone_frame","label":"keep_levelone_frame","help":"Keep level one frame used for metalearner training.","required":false,"type":"boolean","default_value":false,"actual_value":true,"level":"secondary","values":[],"is_member_of_frames":[],"is_mutually_exclusive_with":[],"gridable":false},{"__meta":{"schema_version":3,"schema_name":"ModelParameterSchemaV3","schema_type":"Iced"},"name":"export_checkpoints_dir","label":"export_checkpoints_dir","help":"Automatically export generated models to this directory.","required":false,"type":"string","default_value":null,"actual_value":"/home/kuba/Documents/NETS/Kaggle/h2o_AutoML_Python_v13_ready_to_deploy_3/export","level":"secondary","values":[],"is_member_of_frames":[],"is_mutually_exclusive_with":[],"gridable":false}],"output":{"__meta":{"schema_version":99,"schema_name":"StackedEnsembleModelOutputV99","schema_type":"StackedEnsembleOutput"},"names":["Time_Days","Prod_method","Encaps_rate","Hyper_wiener_index","Mean_part_size","pI","PVA_conc_inner_phase","PVA_Mw","PLGA_Mw","S_no","PLGA_visc","PLGA_to_Placticizer","pH_0_logd","Carboaromatic_ring_count","pH_14_logd","pH_4_logd","Ring_atom_count.2","Wiener_index","diss_add_conc","pH_9_logd","Dreiding_energy","Minimal_projection_radius.1","Inner_phase_volume","Fold_no","Q_perc"],"column_types":["Numeric","Numeric","Numeric","Numeric","Numeric","Numeric","Numeric","Numeric","Numeric","Numeric","Numeric","Numeric","Numeric","Numeric","Numeric","Numeric","Numeric","Numeric","Numeric","Numeric","Numeric","Numeric","Numeric","Numeric","Numeric"],"domains":[null,null,null,null,null,null,null,null,null,null,null,null,null,null,null,null,null,null,null,null,null,null,null,null,null],"cross_validation_models":null,"cross_validation_predictions":null,"cross_validation_holdout_predictions_frame_id":null,"cross_validation_fold_assignment_frame_id":null,"model_category":"Regression","model_summary":null,"scoring_history":null,"training_metrics":{"__meta":{"schema_version":3,"schema_name":"ModelMetricsRegressionGLMV3","schema_type":"ModelMetricsRegressionGLM"},"model":{"__meta":{"schema_version":3,"schema_name":"ModelKeyV3","schema_type":"Key<Model>"},"name":"StackedEnsemble_BestOfFamily_AutoML_20191030_225608","type":"Key<Model>","URL":"/3/Models/StackedEnsemble_BestOfFamily_AutoML_20191030_225608"},"model_checksum":-3738075046823500392,"frame":{"__meta":{"schema_version":3,"schema_name":"FrameKeyV3","schema_type":"Key<Frame>"},"name":"automl_training_Key_Frame__upload_8e50baadcd8f2df7dbf131ed681c4578.hex","type":"Key<Frame>","URL":"/3/Frames/automl_training_Key_Frame__upload_8e50baadcd8f2df7dbf131ed681c4578.hex"},"frame_checksum":-8130076172500897109,"description":null,"model_category":"Regression","scoring_time":1572473301288,"predictions":null,"MSE":34.08227868323976,"RMSE":5.8380029704719885,"nobs":745,"custom_metric_name":null,"custom_metric_value":0.0,"r2":0.9638725641577888,"mean_residual_deviance":34.08227868323976,"mae":4.581050598759081,"rmsle":"NaN","residual_deviance":25391.297619013618,"null_deviance":702825.9002358188,"AIC":4753.157698535242,"null_degrees_of_freedom":744,"residual_degrees_of_freedom":741},"validation_metrics":null,"cross_validation_metrics":{"__meta":{"schema_version":3,"schema_name":"ModelMetricsRegressionGLMV3","schema_type":"ModelMetricsRegressionGLM"},"model":{"__meta":{"schema_version":3,"schema_name":"ModelKeyV3","schema_type":"Key<Model>"},"name":"StackedEnsemble_BestOfFamily_AutoML_20191030_225608","type":"Key<Model>","URL":"/3/Models/StackedEnsemble_BestOfFamily_AutoML_20191030_225608"},"model_checksum":-3738075046823500392,"frame":{"__meta":{"schema_version":3,"schema_name":"FrameKeyV3","schema_type":"Key<Frame>"},"name":"levelone_training_StackedEnsemble_BestOfFamily_AutoML_20191030_225608","type":"Key<Frame>","URL":"/3/Frames/levelone_training_StackedEnsemble_BestOfFamily_AutoML_20191030_225608"},"frame_checksum":7386578377056438683,"description":"10-fold cross-validation on training data (Metrics computed for combined holdout predictions)","model_category":"Regression","scoring_time":1572473301174,"predictions":null,"MSE":194.3462574367564,"RMSE":13.940812653384178,"nobs":745,"custom_metric_name":null,"custom_metric_value":0.0,"r2":0.7939917101208098,"mean_residual_deviance":194.3462574367564,"mae":10.529468104792402,"rmsle":"NaN","residual_deviance":144787.9617903835,"null_deviance":712289.7940597414,"AIC":6050.10125769205,"null_degrees_of_freedom":744,"residual_degrees_of_freedom":741},"cross_validation_metrics_summary":null,"status":null,"start_time":1572473301160,"end_time":1572473301291,"run_time":131,"help":{"cross_validation_metrics":"Cross-validation model metrics", "cross_validation_metrics_summary":"Cross-validation model metrics summary", "start_time":"Start time in milliseconds", "run_time":"Runtime in milliseconds", "status":"Job status", "levelone_frame_id":"Level one frame used for metalearner training.", "domains":"Domains for categorical columns", "model_category":"Category of the model (e.g., Binomial)", "__meta":"Metadata on this schema instance, to make it self-describing.", "model_summary":"Model summary", "scoring_history":"Scoring history", "help":"Help information for output fields", "end_time":"End time in milliseconds", "names":"Column names", "stacking_strategy":"The stacking strategy used for training.", "column_types":"Column types", "metalearner":"Model which combines the base_models into a stacked ensemble.", "cross_validation_fold_assignment_frame_id":"Cross-validation fold assignment (each row is assigned to one holdout fold)", "cross_validation_models":"Cross-validation models (model ids)", "training_metrics":"Training data model metrics", "cross_validation_predictions":"Cross-validation predictions, one per cv model (deprecated, use cross_validation_holdout_predictions_frame_id instead)", "cross_validation_holdout_predictions_frame_id":"Cross-validation holdout predictions (full out-of-sample predictions on training data)", "validation_metrics":"Validation data model metrics"},"metalearner":{"__meta":{"schema_version":3,"schema_name":"ModelKeyV3","schema_type":"Key<Model>"},"name":"metalearner_AUTO_StackedEnsemble_BestOfFamily_AutoML_20191030_225608","type":"Key<Model>","URL":"/3/Models/metalearner_AUTO_StackedEnsemble_BestOfFamily_AutoML_20191030_225608"},"levelone_frame_id":{"__meta":{"schema_version":3,"schema_name":"FrameKeyV3","schema_type":"Key<Frame>"},"name":"levelone_training_StackedEnsemble_BestOfFamily_AutoML_20191030_225608","type":"Key<Frame>","URL":"/3/Frames/levelone_training_StackedEnsemble_BestOfFamily_AutoML_20191030_225608"},"stacking_strategy":"cross_validation"},"compatible_frames":null}
